Acacia_cornigera,Plant,pollination,Lasioglossum_sp1,Floral visitor,pollination,1
Acacia_cornigera,Plant,pollination,Trigona_nigra,Floral visitor,pollination,1
Acacia_cornigera,Plant,pollination,Megachile_sp4,Floral visitor,pollination,1
Acacia_cornigera,Plant,pollination,Megachile_sp5,Floral visitor,pollination,1
Lasioglossum_sp1,Floral visitor,pollination,Acacia_cornigera,Plant,pollination,1
Lasioglossum_sp1,Floral visitor,pollination,Canavalia_rosea,Plant,pollination,1
Lasioglossum_sp1,Floral visitor,pollination,Cayaponia_attenuata,Plant,pollination,1
Lasioglossum_sp1,Floral visitor,pollination,Chamaecrista_chamaecristoides,Plant,pollination,1
Lasioglossum_sp1,Floral visitor,pollination,Commelina_erecta,Plant,pollination,1
Lasioglossum_sp1,Floral visitor,pollination,Conocarpus_erectus,Plant,pollination,1
Lasioglossum_sp1,Floral visitor,pollination,Cordia_dentata,Plant,pollination,1
Lasioglossum_sp1,Floral visitor,pollination,Ipomoea_alba,Plant,pollination,1
Lasioglossum_sp1,Floral visitor,pollination,Ipomoea_sp3,Plant,pollination,1
Lasioglossum_sp1,Floral visitor,pollination,Kallstroemia_maxima,Plant,pollination,1
Lasioglossum_sp1,Floral visitor,pollination,Opuntia_stricta,Plant,pollination,1
Lasioglossum_sp1,Floral visitor,pollination,Palafoxia_lindenii,Plant,pollination,1
Lasioglossum_sp1,Floral visitor,pollination,Petiveria_alliaceae,Plant,pollination,1
Lasioglossum_sp1,Floral visitor,pollination,Sida_sp1,Plant,pollination,1
Lasioglossum_sp1,Floral visitor,pollination,Terminalia_catappa,Plant,pollination,1
Lasioglossum_sp1,Floral visitor,pollination,Turnera_ulmifolia,Plant,pollination,1
Lasioglossum_sp1,Floral visitor,pollination,Unknown_sp10,Plant,pollination,1
Lasioglossum_sp1,Floral visitor,pollination,Waltheria_indica,Plant,pollination,1
Trigona_nigra,Floral visitor,pollination,Acacia_cornigera,Plant,pollination,1
Trigona_nigra,Floral visitor,pollination,Agave_angustifolia,Plant,pollination,1
Trigona_nigra,Floral visitor,pollination,Bauhinia_divaricata,Plant,pollination,1
Trigona_nigra,Floral visitor,pollination,Caesalpinia_bonduc,Plant,pollination,1
Trigona_nigra,Floral visitor,pollination,Cayaponia_attenuata,Plant,pollination,1
Trigona_nigra,Floral visitor,pollination,Gliricidia_sepium,Plant,pollination,1
Trigona_nigra,Floral visitor,pollination,Hyptis_suaveolens,Plant,pollination,1
Trigona_nigra,Floral visitor,pollination,Palafoxia_lindenii,Plant,pollination,1
Trigona_nigra,Floral visitor,pollination,Petiveria_alliaceae,Plant,pollination,1
Trigona_nigra,Floral visitor,pollination,Rivina_humilis,Plant,pollination,1
Trigona_nigra,Floral visitor,pollination,Roystonea_dunlapiana,Plant,pollination,1
Trigona_nigra,Floral visitor,pollination,Sesuvium_maritimum,Plant,pollination,1
Megachile_sp4,Floral visitor,pollination,Acacia_cornigera,Plant,pollination,1
Megachile_sp5,Floral visitor,pollination,Acacia_cornigera,Plant,pollination,1
Canavalia_rosea,Plant,pollination,Lasioglossum_sp1,Floral visitor,pollination,1
Canavalia_rosea,Plant,pollination,Epargyreus_aspina,Floral visitor,pollination,1
Canavalia_rosea,Plant,pollination,Centris_inermis,Floral visitor,pollination,1
Canavalia_rosea,Plant,pollination,Eulaema_polychroma,Floral visitor,pollination,1
Canavalia_rosea,Plant,pollination,Polythrix_mexicanus,Floral visitor,pollination,1
Cayaponia_attenuata,Plant,pollination,Lasioglossum_sp1,Floral visitor,pollination,1
Cayaponia_attenuata,Plant,pollination,Trigona_nigra,Floral visitor,pollination,1
Cayaponia_attenuata,Plant,pollination,Apis_melifera,Floral visitor,pollination,1
Cayaponia_attenuata,Plant,pollination,Ascia_monuste,Floral visitor,pollination,1
Cayaponia_attenuata,Plant,pollination,Achalarus_jalapus,Floral visitor,pollination,1
Cayaponia_attenuata,Plant,pollination,Ceratina_sp1,Floral visitor,pollination,1
Cayaponia_attenuata,Plant,pollination,Melanis_pixe,Floral visitor,pollination,1
Cayaponia_attenuata,Plant,pollination,Sostrata_bifasciata,Floral visitor,pollination,1
Cayaponia_attenuata,Plant,pollination,Staphylus_mazans,Floral visitor,pollination,1
Chamaecrista_chamaecristoides,Plant,pollination,Lasioglossum_sp1,Floral visitor,pollination,1
Chamaecrista_chamaecristoides,Plant,pollination,Ascia_monuste,Floral visitor,pollination,1
Chamaecrista_chamaecristoides,Plant,pollination,Syrphidae_sp2,Floral visitor,pollination,1
Chamaecrista_chamaecristoides,Plant,pollination,Augochloropsis_sp1,Floral visitor,pollination,1
Chamaecrista_chamaecristoides,Plant,pollination,Euglossa_viridissima,Floral visitor,pollination,1
Chamaecrista_chamaecristoides,Plant,pollination,Vespidae_sp1,Floral visitor,pollination,1
Chamaecrista_chamaecristoides,Plant,pollination,Centris_nitida,Floral visitor,pollination,1
Chamaecrista_chamaecristoides,Plant,pollination,Unknown_sp3,Floral visitor,pollination,1
Commelina_erecta,Plant,pollination,Lasioglossum_sp1,Floral visitor,pollination,1
Commelina_erecta,Plant,pollination,Apis_melifera,Floral visitor,pollination,1
Commelina_erecta,Plant,pollination,Achalarus_jalapus,Floral visitor,pollination,1
Commelina_erecta,Plant,pollination,Syrphidae_sp2,Floral visitor,pollination,1
Commelina_erecta,Plant,pollination,Ceratina_sp1,Floral visitor,pollination,1
Commelina_erecta,Plant,pollination,Aguna_claxon,Floral visitor,pollination,1
Conocarpus_erectus,Plant,pollination,Lasioglossum_sp1,Floral visitor,pollination,1
Conocarpus_erectus,Plant,pollination,Melanis_pixe,Floral visitor,pollination,1
Conocarpus_erectus,Plant,pollination,Rethus_arcius,Floral visitor,pollination,1
Cordia_dentata,Plant,pollination,Lasioglossum_sp1,Floral visitor,pollination,1
Cordia_dentata,Plant,pollination,Apis_melifera,Floral visitor,pollination,1
Cordia_dentata,Plant,pollination,Agraulis_vanillae,Floral visitor,pollination,1
Cordia_dentata,Plant,pollination,Scoliidae_sp1,Floral visitor,pollination,1
Cordia_dentata,Plant,pollination,Lasioglossum_sp2,Floral visitor,pollination,1
Ipomoea_alba,Plant,pollination,Lasioglossum_sp1,Floral visitor,pollination,1
Ipomoea_alba,Plant,pollination,Auglochlora_nigrocyanea,Floral visitor,pollination,1
Ipomoea_alba,Plant,pollination,Phtiria_sp1,Floral visitor,pollination,1
Ipomoea_sp3,Plant,pollination,Lasioglossum_sp1,Floral visitor,pollination,1
Ipomoea_sp3,Plant,pollination,Auglochlora_nigrocyanea,Floral visitor,pollination,1
Ipomoea_sp3,Plant,pollination,Scaptotrigona_pectoralis,Floral visitor,pollination,1
Ipomoea_sp3,Plant,pollination,Augochlora_sp2,Floral visitor,pollination,1
Kallstroemia_maxima,Plant,pollination,Lasioglossum_sp1,Floral visitor,pollination,1
Opuntia_stricta,Plant,pollination,Lasioglossum_sp1,Floral visitor,pollination,1
Opuntia_stricta,Plant,pollination,Agapostemon_nasutus_,Floral visitor,pollination,1
Opuntia_stricta,Plant,pollination,Ceratina_sp1,Floral visitor,pollination,1
Opuntia_stricta,Plant,pollination,Ancylocelis_apiformis_,Floral visitor,pollination,1
Opuntia_stricta,Plant,pollination,Megachile_sp3,Floral visitor,pollination,1
Palafoxia_lindenii,Plant,pollination,Lasioglossum_sp1,Floral visitor,pollination,1
Palafoxia_lindenii,Plant,pollination,Trigona_nigra,Floral visitor,pollination,1
Palafoxia_lindenii,Plant,pollination,Danaus_gilipus,Floral visitor,pollination,1
Palafoxia_lindenii,Plant,pollination,Junona_evarete,Floral visitor,pollination,1
Palafoxia_lindenii,Plant,pollination,Agraulis_vanillae,Floral visitor,pollination,1
Palafoxia_lindenii,Plant,pollination,Sphecidae_sp1,Floral visitor,pollination,1
Palafoxia_lindenii,Plant,pollination,Calliopsis__sp1,Floral visitor,pollination,1
Palafoxia_lindenii,Plant,pollination,Syrphidae_sp3,Floral visitor,pollination,1
Palafoxia_lindenii,Plant,pollination,Closyne_lacinia,Floral visitor,pollination,1
Palafoxia_lindenii,Plant,pollination,Eristalis_sp1,Floral visitor,pollination,1
Palafoxia_lindenii,Plant,pollination,Syrphidae_sp9,Floral visitor,pollination,1
Palafoxia_lindenii,Plant,pollination,Geron_sp1,Floral visitor,pollination,1
Palafoxia_lindenii,Plant,pollination,Danaus_plexippus,Floral visitor,pollination,1
Petiveria_alliaceae,Plant,pollination,Lasioglossum_sp1,Floral visitor,pollination,1
Petiveria_alliaceae,Plant,pollination,Trigona_nigra,Floral visitor,pollination,1
Petiveria_alliaceae,Plant,pollination,Syrphidae_sp6,Floral visitor,pollination,1
Petiveria_alliaceae,Plant,pollination,Polistes_sp1,Floral visitor,pollination,1
Petiveria_alliaceae,Plant,pollination,Syrphidae_sp5,Floral visitor,pollination,1
Petiveria_alliaceae,Plant,pollination,Dolichopodidae_sp1,Floral visitor,pollination,1
Sida_sp1,Plant,pollination,Lasioglossum_sp1,Floral visitor,pollination,1
Sida_sp1,Plant,pollination,Agapostemon_nasutus_,Floral visitor,pollination,1
Sida_sp1,Plant,pollination,Pyrgus_communis,Floral visitor,pollination,1
Sida_sp1,Plant,pollination,Pyrgus_oileus,Floral visitor,pollination,1
Terminalia_catappa,Plant,pollination,Lasioglossum_sp1,Floral visitor,pollination,1
Terminalia_catappa,Plant,pollination,Syrphidae_sp9,Floral visitor,pollination,1
Terminalia_catappa,Plant,pollination,Diptera_sp1,Floral visitor,pollination,1
Terminalia_catappa,Plant,pollination,Diptera_sp2,Floral visitor,pollination,1
Terminalia_catappa,Plant,pollination,Vespidae_sp7,Floral visitor,pollination,1
Turnera_ulmifolia,Plant,pollination,Lasioglossum_sp1,Floral visitor,pollination,1
Turnera_ulmifolia,Plant,pollination,Apis_melifera,Floral visitor,pollination,1
Turnera_ulmifolia,Plant,pollination,Urbanus_sp1,Floral visitor,pollination,1
Turnera_ulmifolia,Plant,pollination,Ceratina_sp1,Floral visitor,pollination,1
Turnera_ulmifolia,Plant,pollination,Phtiria_sp1,Floral visitor,pollination,1
Turnera_ulmifolia,Plant,pollination,Melissodes_tepaneca_,Floral visitor,pollination,1
Turnera_ulmifolia,Plant,pollination,Phoebis_sennae,Floral visitor,pollination,1
Turnera_ulmifolia,Plant,pollination,Phtiria_sp3,Floral visitor,pollination,1
Turnera_ulmifolia,Plant,pollination,Calycopis_isobeon,Floral visitor,pollination,1
Turnera_ulmifolia,Plant,pollination,Polytex_vibex,Floral visitor,pollination,1
Turnera_ulmifolia,Plant,pollination,Lerodea_dysaules,Floral visitor,pollination,1
Unknown_sp10,Plant,pollination,Lasioglossum_sp1,Floral visitor,pollination,1
Waltheria_indica,Plant,pollination,Lasioglossum_sp1,Floral visitor,pollination,1
Waltheria_indica,Plant,pollination,Ascia_monuste,Floral visitor,pollination,1
Waltheria_indica,Plant,pollination,Junona_evarete,Floral visitor,pollination,1
Waltheria_indica,Plant,pollination,Sphecidae_sp1,Floral visitor,pollination,1
Waltheria_indica,Plant,pollination,Augochloropsis_sp1,Floral visitor,pollination,1
Waltheria_indica,Plant,pollination,Hemiargus_ceraunus,Floral visitor,pollination,1
Waltheria_indica,Plant,pollination,Paratetrapedia_moesta,Floral visitor,pollination,1
Waltheria_indica,Plant,pollination,Mesoplia_regalis,Floral visitor,pollination,1
Waltheria_indica,Plant,pollination,Geron_sp1,Floral visitor,pollination,1
Waltheria_indica,Plant,pollination,Mydas_sp1,Floral visitor,pollination,1
Waltheria_indica,Plant,pollination,Euptoieta_hegesia,Floral visitor,pollination,1
Waltheria_indica,Plant,pollination,Vespidae_sp4,Floral visitor,pollination,1
Waltheria_indica,Plant,pollination,Sphecidae_sp5,Floral visitor,pollination,1
Waltheria_indica,Plant,pollination,Chlosyne_theona,Floral visitor,pollination,1
Agave_angustifolia,Plant,pollination,Trigona_nigra,Floral visitor,pollination,1
Bauhinia_divaricata,Plant,pollination,Trigona_nigra,Floral visitor,pollination,1
Bauhinia_divaricata,Plant,pollination,Chlorostilbon_canivetti,Floral visitor,pollination,1
Bauhinia_divaricata,Plant,pollination,Battus_philenor,Floral visitor,pollination,1
Bauhinia_divaricata,Plant,pollination,Apis_melifera,Floral visitor,pollination,1
Bauhinia_divaricata,Plant,pollination,Ascia_monuste,Floral visitor,pollination,1
Bauhinia_divaricata,Plant,pollination,Danaus_gilipus,Floral visitor,pollination,1
Bauhinia_divaricata,Plant,pollination,Phoebis_agarithe,Floral visitor,pollination,1
Bauhinia_divaricata,Plant,pollination,Epargyreus_aspina,Floral visitor,pollination,1
Bauhinia_divaricata,Plant,pollination,Astraptes_fulgerator,Floral visitor,pollination,1
Bauhinia_divaricata,Plant,pollination,Urbanus_sp1,Floral visitor,pollination,1
Bauhinia_divaricata,Plant,pollination,Achalarus_jalapus,Floral visitor,pollination,1
Bauhinia_divaricata,Plant,pollination,Unknown_sp6,Floral visitor,pollination,1
Bauhinia_divaricata,Plant,pollination,Astraptes_anaphus,Floral visitor,pollination,1
Bauhinia_divaricata,Plant,pollination,Melete_lycimnia,Floral visitor,pollination,1
Bauhinia_divaricata,Plant,pollination,Mimoides_phaon,Floral visitor,pollination,1
Bauhinia_divaricata,Plant,pollination,Nisoniades_sp1,Floral visitor,pollination,1
Bauhinia_divaricata,Plant,pollination,Papilo_thoas,Floral visitor,pollination,1
Bauhinia_divaricata,Plant,pollination,Phocides_polybius,Floral visitor,pollination,1
Bauhinia_divaricata,Plant,pollination,Urbanus_dorantes,Floral visitor,pollination,1
Bauhinia_divaricata,Plant,pollination,Bombyliidae_sp2,Floral visitor,pollination,1
Bauhinia_divaricata,Plant,pollination,Chlosyne_janais,Floral visitor,pollination,1
Bauhinia_divaricata,Plant,pollination,Epargyreus_spina,Floral visitor,pollination,1
Bauhinia_divaricata,Plant,pollination,Leptotes_casius,Floral visitor,pollination,1
Bauhinia_divaricata,Plant,pollination,Spathilepia_clonius,Floral visitor,pollination,1
Caesalpinia_bonduc,Plant,pollination,Trigona_nigra,Floral visitor,pollination,1
Caesalpinia_bonduc,Plant,pollination,Scaptotrigona_pectoralis,Floral visitor,pollination,1
Caesalpinia_bonduc,Plant,pollination,Augochloropsis_sp1,Floral visitor,pollination,1
Caesalpinia_bonduc,Plant,pollination,Hemiargus_ceraunus,Floral visitor,pollination,1
Gliricidia_sepium,Plant,pollination,Trigona_nigra,Floral visitor,pollination,1
Hyptis_suaveolens,Plant,pollination,Trigona_nigra,Floral visitor,pollination,1
Hyptis_suaveolens,Plant,pollination,Apis_melifera,Floral visitor,pollination,1
Hyptis_suaveolens,Plant,pollination,Unknown_sp6,Floral visitor,pollination,1
Hyptis_suaveolens,Plant,pollination,Augochlorella__sp1,Floral visitor,pollination,1
Hyptis_suaveolens,Plant,pollination,Sphecidae_sp2,Floral visitor,pollination,1
Hyptis_suaveolens,Plant,pollination,Paratetrapedia_moesta,Floral visitor,pollination,1
Hyptis_suaveolens,Plant,pollination,Hemipenthes_sp1,Floral visitor,pollination,1
Hyptis_suaveolens,Plant,pollination,Bombyliidae_sp1,Floral visitor,pollination,1
Hyptis_suaveolens,Plant,pollination,Exomalopsis_zexmeniae,Floral visitor,pollination,1
Hyptis_suaveolens,Plant,pollination,Hypantidium_sp1,Floral visitor,pollination,1
Hyptis_suaveolens,Plant,pollination,Bracon_sp1,Floral visitor,pollination,1
Hyptis_suaveolens,Plant,pollination,Coelioxys_sp2,Floral visitor,pollination,1
Rivina_humilis,Plant,pollination,Trigona_nigra,Floral visitor,pollination,1
Roystonea_dunlapiana,Plant,pollination,Trigona_nigra,Floral visitor,pollination,1
Roystonea_dunlapiana,Plant,pollination,Apis_melifera,Floral visitor,pollination,1
Roystonea_dunlapiana,Plant,pollination,Sphecidae_sp2,Floral visitor,pollination,1
Sesuvium_maritimum,Plant,pollination,Trigona_nigra,Floral visitor,pollination,1
Sesuvium_maritimum,Plant,pollination,Anartia_jatrophae,Floral visitor,pollination,1
Sesuvium_maritimum,Plant,pollination,Syrphidae_sp5,Floral visitor,pollination,1
Sesuvium_maritimum,Plant,pollination,Sphecidae_sp3,Floral visitor,pollination,1
Antogonon_sp1,Plant,pollination,Chlorostilbon_canivetti,Floral visitor,pollination,1
Antogonon_sp1,Plant,pollination,Battus_philenor,Floral visitor,pollination,1
Chlorostilbon_canivetti,Floral visitor,pollination,Antogonon_sp1,Plant,pollination,1
Chlorostilbon_canivetti,Floral visitor,pollination,Bauhinia_divaricata,Plant,pollination,1
Chlorostilbon_canivetti,Floral visitor,pollination,Bromelia_pinguin,Plant,pollination,1
Chlorostilbon_canivetti,Floral visitor,pollination,Psittacanthus_calyculatus,Plant,pollination,1
Chlorostilbon_canivetti,Floral visitor,pollination,Russelia_sp1,Plant,pollination,1
Chlorostilbon_canivetti,Floral visitor,pollination,Unknown_sp9,Plant,pollination,1
Battus_philenor,Floral visitor,pollination,Antogonon_sp1,Plant,pollination,1
Battus_philenor,Floral visitor,pollination,Bauhinia_divaricata,Plant,pollination,1
Battus_philenor,Floral visitor,pollination,Crusea_longiflora_,Plant,pollination,1
Bromelia_pinguin,Plant,pollination,Chlorostilbon_canivetti,Floral visitor,pollination,1
Bromelia_pinguin,Plant,pollination,Amazilia_yucatanensis,Floral visitor,pollination,1
Bromelia_pinguin,Plant,pollination,Phoebis_sp1,Floral visitor,pollination,1
Psittacanthus_calyculatus,Plant,pollination,Chlorostilbon_canivetti,Floral visitor,pollination,1
Psittacanthus_calyculatus,Plant,pollination,Apis_melifera,Floral visitor,pollination,1
Psittacanthus_calyculatus,Plant,pollination,Phoebis_agarithe,Floral visitor,pollination,1
Psittacanthus_calyculatus,Plant,pollination,Amazilia_yucatanensis,Floral visitor,pollination,1
Psittacanthus_calyculatus,Plant,pollination,Euglossa_viridissima,Floral visitor,pollination,1
Psittacanthus_calyculatus,Plant,pollination,Archilochus_colubris,Floral visitor,pollination,1
Russelia_sp1,Plant,pollination,Chlorostilbon_canivetti,Floral visitor,pollination,1
Russelia_sp1,Plant,pollination,Phoebis_sp1,Floral visitor,pollination,1
Russelia_sp1,Plant,pollination,Papilio_anchisiades,Floral visitor,pollination,1
Unknown_sp9,Plant,pollination,Chlorostilbon_canivetti,Floral visitor,pollination,1
Unknown_sp9,Plant,pollination,Amazilia_yucatanensis,Floral visitor,pollination,1
Crusea_longiflora_,Plant,pollination,Battus_philenor,Floral visitor,pollination,1
Crusea_longiflora_,Plant,pollination,Ascia_monuste,Floral visitor,pollination,1
Crusea_longiflora_,Plant,pollination,Astraptes_fulgerator,Floral visitor,pollination,1
Crusea_longiflora_,Plant,pollination,Papilo_thoas,Floral visitor,pollination,1
Crusea_longiflora_,Plant,pollination,Agraulis_vanillae,Floral visitor,pollination,1
Crusea_longiflora_,Plant,pollination,Quasimellana_eulogius,Floral visitor,pollination,1
Crusea_longiflora_,Plant,pollination,Urbanus_proteus,Floral visitor,pollination,1
Crusea_longiflora_,Plant,pollination,Codactractus_sp1,Floral visitor,pollination,1
Crusea_longiflora_,Plant,pollination,Urbanus_esmeraldus,Floral visitor,pollination,1
Crusea_longiflora_,Plant,pollination,Epargyreus_exadeus,Floral visitor,pollination,1
Apis_melifera,Floral visitor,pollination,Bauhinia_divaricata,Plant,pollination,1
Apis_melifera,Floral visitor,pollination,Bidens_pilosa,Plant,pollination,1
Apis_melifera,Floral visitor,pollination,Cardiospermum_alicabrum,Plant,pollination,1
Apis_melifera,Floral visitor,pollination,Cayaponia_attenuata,Plant,pollination,1
Apis_melifera,Floral visitor,pollination,Commelina_erecta,Plant,pollination,1
Apis_melifera,Floral visitor,pollination,Cordia_dentata,Plant,pollination,1
Apis_melifera,Floral visitor,pollination,Enterolobium_cyclocarpum,Plant,pollination,1
Apis_melifera,Floral visitor,pollination,Fabaceae_sp1,Plant,pollination,1
Apis_melifera,Floral visitor,pollination,Fabaceae_sp2,Plant,pollination,1
Apis_melifera,Floral visitor,pollination,Guazuma_ulmifolia,Plant,pollination,1
Apis_melifera,Floral visitor,pollination,Hyptis_suaveolens,Plant,pollination,1
Apis_melifera,Floral visitor,pollination,Ipomoea_sp2,Plant,pollination,1
Apis_melifera,Floral visitor,pollination,Manihot_sp1,Plant,pollination,1
Apis_melifera,Floral visitor,pollination,Neptunia_oleracea,Plant,pollination,1
Apis_melifera,Floral visitor,pollination,Nymphaea_ampla,Plant,pollination,1
Apis_melifera,Floral visitor,pollination,Piscidia_piscipula,Plant,pollination,1
Apis_melifera,Floral visitor,pollination,Pontederia_sagitatta,Plant,pollination,1
Apis_melifera,Floral visitor,pollination,Psittacanthus_calyculatus,Plant,pollination,1
Apis_melifera,Floral visitor,pollination,Psychotria_erythrocapa,Plant,pollination,1
Apis_melifera,Floral visitor,pollination,Randia_laetevirens,Plant,pollination,1
Apis_melifera,Floral visitor,pollination,Roystonea_dunlapiana,Plant,pollination,1
Apis_melifera,Floral visitor,pollination,Rynchosia_americana,Plant,pollination,1
Apis_melifera,Floral visitor,pollination,Tecoma_stans,Plant,pollination,1
Apis_melifera,Floral visitor,pollination,Tournefortia_sp1,Plant,pollination,1
Apis_melifera,Floral visitor,pollination,Turnera_diffusa,Plant,pollination,1
Apis_melifera,Floral visitor,pollination,Turnera_ulmifolia,Plant,pollination,1
Apis_melifera,Floral visitor,pollination,Unknown_sp1,Plant,pollination,1
Apis_melifera,Floral visitor,pollination,Unknown_sp13,Plant,pollination,1
Apis_melifera,Floral visitor,pollination,Unknown_sp5,Plant,pollination,1
Apis_melifera,Floral visitor,pollination,Unknown_sp6,Plant,pollination,1
Ascia_monuste,Floral visitor,pollination,Bauhinia_divaricata,Plant,pollination,1
Ascia_monuste,Floral visitor,pollination,Cayaponia_attenuata,Plant,pollination,1
Ascia_monuste,Floral visitor,pollination,Chamaecrista_chamaecristoides,Plant,pollination,1
Ascia_monuste,Floral visitor,pollination,Crusea_longiflora_,Plant,pollination,1
Ascia_monuste,Floral visitor,pollination,Enterolobium_cyclocarpum,Plant,pollination,1
Ascia_monuste,Floral visitor,pollination,Lantana_camara,Plant,pollination,1
Ascia_monuste,Floral visitor,pollination,Randia_laetevirens,Plant,pollination,1
Ascia_monuste,Floral visitor,pollination,Stachytarpheta_sp1,Plant,pollination,1
Ascia_monuste,Floral visitor,pollination,Turnera_diffusa,Plant,pollination,1
Ascia_monuste,Floral visitor,pollination,Waltheria_indica,Plant,pollination,1
Danaus_gilipus,Floral visitor,pollination,Bauhinia_divaricata,Plant,pollination,1
Danaus_gilipus,Floral visitor,pollination,Cynanchum_sp1,Plant,pollination,1
Danaus_gilipus,Floral visitor,pollination,Lantana_camara,Plant,pollination,1
Danaus_gilipus,Floral visitor,pollination,Palafoxia_lindenii,Plant,pollination,1
Danaus_gilipus,Floral visitor,pollination,Randia_laetevirens,Plant,pollination,1
Danaus_gilipus,Floral visitor,pollination,Turnera_diffusa,Plant,pollination,1
Danaus_gilipus,Floral visitor,pollination,Unknown_sp11,Plant,pollination,1
Phoebis_agarithe,Floral visitor,pollination,Bauhinia_divaricata,Plant,pollination,1
Phoebis_agarithe,Floral visitor,pollination,Delonix_regia,Plant,pollination,1
Phoebis_agarithe,Floral visitor,pollination,Lantana_camara,Plant,pollination,1
Phoebis_agarithe,Floral visitor,pollination,Macroptilium_atropurpureum,Plant,pollination,1
Phoebis_agarithe,Floral visitor,pollination,Psittacanthus_calyculatus,Plant,pollination,1
Phoebis_agarithe,Floral visitor,pollination,Tecoma_stans,Plant,pollination,1
Epargyreus_aspina,Floral visitor,pollination,Bauhinia_divaricata,Plant,pollination,1
Epargyreus_aspina,Floral visitor,pollination,Canavalia_rosea,Plant,pollination,1
Epargyreus_aspina,Floral visitor,pollination,Enterolobium_cyclocarpum,Plant,pollination,1
Epargyreus_aspina,Floral visitor,pollination,Gomphrena_sp1,Plant,pollination,1
Epargyreus_aspina,Floral visitor,pollination,Randia_laetevirens,Plant,pollination,1
Astraptes_fulgerator,Floral visitor,pollination,Bauhinia_divaricata,Plant,pollination,1
Astraptes_fulgerator,Floral visitor,pollination,Carica_papaya,Plant,pollination,1
Astraptes_fulgerator,Floral visitor,pollination,Crusea_longiflora_,Plant,pollination,1
Astraptes_fulgerator,Floral visitor,pollination,Randia_laetevirens,Plant,pollination,1
Urbanus_sp1,Floral visitor,pollination,Bauhinia_divaricata,Plant,pollination,1
Urbanus_sp1,Floral visitor,pollination,Bidens_pilosa,Plant,pollination,1
Urbanus_sp1,Floral visitor,pollination,Piscidia_piscipula,Plant,pollination,1
Urbanus_sp1,Floral visitor,pollination,Turnera_ulmifolia,Plant,pollination,1
Achalarus_jalapus,Floral visitor,pollination,Bauhinia_divaricata,Plant,pollination,1
Achalarus_jalapus,Floral visitor,pollination,Cayaponia_attenuata,Plant,pollination,1
Achalarus_jalapus,Floral visitor,pollination,Commelina_erecta,Plant,pollination,1
Achalarus_jalapus,Floral visitor,pollination,Lantana_camara,Plant,pollination,1
Unknown_sp6,Floral visitor,pollination,Bauhinia_divaricata,Plant,pollination,1
Unknown_sp6,Floral visitor,pollination,Hyptis_suaveolens,Plant,pollination,1
Unknown_sp6,Floral visitor,pollination,Randia_laetevirens,Plant,pollination,1
Astraptes_anaphus,Floral visitor,pollination,Bauhinia_divaricata,Plant,pollination,1
Astraptes_anaphus,Floral visitor,pollination,Randia_laetevirens,Plant,pollination,1
Melete_lycimnia,Floral visitor,pollination,Bauhinia_divaricata,Plant,pollination,1
Melete_lycimnia,Floral visitor,pollination,Gomphrena_sp1,Plant,pollination,1
Mimoides_phaon,Floral visitor,pollination,Bauhinia_divaricata,Plant,pollination,1
Mimoides_phaon,Floral visitor,pollination,Guazuma_ulmifolia,Plant,pollination,1
Nisoniades_sp1,Floral visitor,pollination,Bauhinia_divaricata,Plant,pollination,1
Nisoniades_sp1,Floral visitor,pollination,Unknown_sp11,Plant,pollination,1
Papilo_thoas,Floral visitor,pollination,Bauhinia_divaricata,Plant,pollination,1
Papilo_thoas,Floral visitor,pollination,Crusea_longiflora_,Plant,pollination,1
Phocides_polybius,Floral visitor,pollination,Bauhinia_divaricata,Plant,pollination,1
Phocides_polybius,Floral visitor,pollination,Randia_laetevirens,Plant,pollination,1
Urbanus_dorantes,Floral visitor,pollination,Bauhinia_divaricata,Plant,pollination,1
Urbanus_dorantes,Floral visitor,pollination,Cardiospermum_alicabrum,Plant,pollination,1
Bombyliidae_sp2,Floral visitor,pollination,Bauhinia_divaricata,Plant,pollination,1
Chlosyne_janais,Floral visitor,pollination,Bauhinia_divaricata,Plant,pollination,1
Epargyreus_spina,Floral visitor,pollination,Bauhinia_divaricata,Plant,pollination,1
Leptotes_casius,Floral visitor,pollination,Bauhinia_divaricata,Plant,pollination,1
Spathilepia_clonius,Floral visitor,pollination,Bauhinia_divaricata,Plant,pollination,1
Bidens_pilosa,Plant,pollination,Apis_melifera,Floral visitor,pollination,1
Bidens_pilosa,Plant,pollination,Urbanus_sp1,Floral visitor,pollination,1
Bidens_pilosa,Plant,pollination,Dryas_julia,Floral visitor,pollination,1
Bidens_pilosa,Plant,pollination,Junona_evarete,Floral visitor,pollination,1
Bidens_pilosa,Plant,pollination,Agraulis_vanillae,Floral visitor,pollination,1
Bidens_pilosa,Plant,pollination,Anartia_fatima,Floral visitor,pollination,1
Bidens_pilosa,Plant,pollination,Sphecidae_sp4,Floral visitor,pollination,1
Bidens_pilosa,Plant,pollination,Sphecidae_sp1,Floral visitor,pollination,1
Bidens_pilosa,Plant,pollination,Syrphidae_sp2,Floral visitor,pollination,1
Bidens_pilosa,Plant,pollination,Agapostemon_nasutus_,Floral visitor,pollination,1
Bidens_pilosa,Plant,pollination,Danaus_eresimus,Floral visitor,pollination,1
Bidens_pilosa,Plant,pollination,Quasimellana_eulogius,Floral visitor,pollination,1
Bidens_pilosa,Plant,pollination,Auglochlora_nigrocyanea,Floral visitor,pollination,1
Bidens_pilosa,Plant,pollination,Pyrgus_communis,Floral visitor,pollination,1
Bidens_pilosa,Plant,pollination,Syrphidae_sp7,Floral visitor,pollination,1
Bidens_pilosa,Plant,pollination,Calliopsis__sp1,Floral visitor,pollination,1
Bidens_pilosa,Plant,pollination,Anartia_jatrophae,Floral visitor,pollination,1
Bidens_pilosa,Plant,pollination,Phyciodes_tulcis,Floral visitor,pollination,1
Bidens_pilosa,Plant,pollination,Syrphidae_sp1,Floral visitor,pollination,1
Bidens_pilosa,Plant,pollination,Tachinidae_sp1,Floral visitor,pollination,1
Bidens_pilosa,Plant,pollination,Tachinidae_sp2,Floral visitor,pollination,1
Bidens_pilosa,Plant,pollination,Megachile_sp2,Floral visitor,pollination,1
Bidens_pilosa,Plant,pollination,Hylephila_phyleus,Floral visitor,pollination,1
Bidens_pilosa,Plant,pollination,Vinepeius_tinga,Floral visitor,pollination,1
Cardiospermum_alicabrum,Plant,pollination,Apis_melifera,Floral visitor,pollination,1
Cardiospermum_alicabrum,Plant,pollination,Urbanus_dorantes,Floral visitor,pollination,1
Cardiospermum_alicabrum,Plant,pollination,Anartia_fatima,Floral visitor,pollination,1
Cardiospermum_alicabrum,Plant,pollination,Urbanus_proteus,Floral visitor,pollination,1
Cardiospermum_alicabrum,Plant,pollination,Augochlorella__sp1,Floral visitor,pollination,1
Cardiospermum_alicabrum,Plant,pollination,Phtiria_sp2,Floral visitor,pollination,1
Enterolobium_cyclocarpum,Plant,pollination,Apis_melifera,Floral visitor,pollination,1
Enterolobium_cyclocarpum,Plant,pollination,Ascia_monuste,Floral visitor,pollination,1
Enterolobium_cyclocarpum,Plant,pollination,Epargyreus_aspina,Floral visitor,pollination,1
Fabaceae_sp1,Plant,pollination,Apis_melifera,Floral visitor,pollination,1
Fabaceae_sp2,Plant,pollination,Apis_melifera,Floral visitor,pollination,1
Guazuma_ulmifolia,Plant,pollination,Apis_melifera,Floral visitor,pollination,1
Guazuma_ulmifolia,Plant,pollination,Mimoides_phaon,Floral visitor,pollination,1
Ipomoea_sp2,Plant,pollination,Apis_melifera,Floral visitor,pollination,1
Ipomoea_sp2,Plant,pollination,Sphecidae_sp2,Floral visitor,pollination,1
Ipomoea_sp2,Plant,pollination,Lycastrirhyncha_sp1,Floral visitor,pollination,1
Ipomoea_sp2,Plant,pollination,Melissodes_tepaneca_,Floral visitor,pollination,1
Ipomoea_sp2,Plant,pollination,Centris_sp1,Floral visitor,pollination,1
Manihot_sp1,Plant,pollination,Apis_melifera,Floral visitor,pollination,1
Neptunia_oleracea,Plant,pollination,Apis_melifera,Floral visitor,pollination,1
Neptunia_oleracea,Plant,pollination,Vespidae_sp1,Floral visitor,pollination,1
Nymphaea_ampla,Plant,pollination,Apis_melifera,Floral visitor,pollination,1
Piscidia_piscipula,Plant,pollination,Apis_melifera,Floral visitor,pollination,1
Piscidia_piscipula,Plant,pollination,Urbanus_sp1,Floral visitor,pollination,1
Piscidia_piscipula,Plant,pollination,Centris_inermis,Floral visitor,pollination,1
Piscidia_piscipula,Plant,pollination,Urbanus_proteus,Floral visitor,pollination,1
Piscidia_piscipula,Plant,pollination,Unknown_sp1,Floral visitor,pollination,1
Piscidia_piscipula,Plant,pollination,Xylocopa_fimbriata,Floral visitor,pollination,1
Piscidia_piscipula,Plant,pollination,Sphecidae_sp2,Floral visitor,pollination,1
Piscidia_piscipula,Plant,pollination,Syrphidae_sp4,Floral visitor,pollination,1
Piscidia_piscipula,Plant,pollination,Colletes_sp1,Floral visitor,pollination,1
Piscidia_piscipula,Plant,pollination,Megachile_sp1,Floral visitor,pollination,1
Piscidia_piscipula,Plant,pollination,Megachile_sp6,Floral visitor,pollination,1
Pontederia_sagitatta,Plant,pollination,Apis_melifera,Floral visitor,pollination,1
Pontederia_sagitatta,Plant,pollination,Lycastrirhyncha_sp1,Floral visitor,pollination,1
Psychotria_erythrocapa,Plant,pollination,Apis_melifera,Floral visitor,pollination,1
Psychotria_erythrocapa,Plant,pollination,Sphecidae_sp4,Floral visitor,pollination,1
Psychotria_erythrocapa,Plant,pollination,Paratetrapedia_moesta,Floral visitor,pollination,1
Psychotria_erythrocapa,Plant,pollination,Mydas_sp1,Floral visitor,pollination,1
Psychotria_erythrocapa,Plant,pollination,Pompilidae_sp2,Floral visitor,pollination,1
Psychotria_erythrocapa,Plant,pollination,Strymon_alba,Floral visitor,pollination,1
Randia_laetevirens,Plant,pollination,Apis_melifera,Floral visitor,pollination,1
Randia_laetevirens,Plant,pollination,Ascia_monuste,Floral visitor,pollination,1
Randia_laetevirens,Plant,pollination,Danaus_gilipus,Floral visitor,pollination,1
Randia_laetevirens,Plant,pollination,Epargyreus_aspina,Floral visitor,pollination,1
Randia_laetevirens,Plant,pollination,Astraptes_fulgerator,Floral visitor,pollination,1
Randia_laetevirens,Plant,pollination,Unknown_sp6,Floral visitor,pollination,1
Randia_laetevirens,Plant,pollination,Astraptes_anaphus,Floral visitor,pollination,1
Randia_laetevirens,Plant,pollination,Phocides_polybius,Floral visitor,pollination,1
Randia_laetevirens,Plant,pollination,Dryas_julia,Floral visitor,pollination,1
Randia_laetevirens,Plant,pollination,Polythrix_mexicanus,Floral visitor,pollination,1
Randia_laetevirens,Plant,pollination,Heliconius_charithonia,Floral visitor,pollination,1
Randia_laetevirens,Plant,pollination,Codactractus_sp1,Floral visitor,pollination,1
Randia_laetevirens,Plant,pollination,Urbanus_esmeraldus,Floral visitor,pollination,1
Randia_laetevirens,Plant,pollination,Epargyreus_exadeus,Floral visitor,pollination,1
Randia_laetevirens,Plant,pollination,Xylocopa_fimbriata,Floral visitor,pollination,1
Randia_laetevirens,Plant,pollination,Eristalis_sp1,Floral visitor,pollination,1
Randia_laetevirens,Plant,pollination,Tachinidae_sp6,Floral visitor,pollination,1
Randia_laetevirens,Plant,pollination,Unknown_sp2,Floral visitor,pollination,1
Randia_laetevirens,Plant,pollination,Marpesia_sp1,Floral visitor,pollination,1
Randia_laetevirens,Plant,pollination,Unknown_sp5,Floral visitor,pollination,1
Randia_laetevirens,Plant,pollination,Proteides_mercurius,Floral visitor,pollination,1
Randia_laetevirens,Plant,pollination,Urbanus_doryssus,Floral visitor,pollination,1
Rynchosia_americana,Plant,pollination,Apis_melifera,Floral visitor,pollination,1
Tecoma_stans,Plant,pollination,Apis_melifera,Floral visitor,pollination,1
Tecoma_stans,Plant,pollination,Phoebis_agarithe,Floral visitor,pollination,1
Tecoma_stans,Plant,pollination,Ceratina_sp1,Floral visitor,pollination,1
Tecoma_stans,Plant,pollination,Scoliidae_sp1,Floral visitor,pollination,1
Tecoma_stans,Plant,pollination,Xylocopa_fimbriata,Floral visitor,pollination,1
Tecoma_stans,Plant,pollination,Sphecidae_sp2,Floral visitor,pollination,1
Tecoma_stans,Plant,pollination,Phoebis_sennae,Floral visitor,pollination,1
Tecoma_stans,Plant,pollination,Archilochus_colubris,Floral visitor,pollination,1
Tecoma_stans,Plant,pollination,Augochlora_sp1,Floral visitor,pollination,1
Tecoma_stans,Plant,pollination,Eufriesea_mexicana_,Floral visitor,pollination,1
Tecoma_stans,Plant,pollination,Peponapis_crassidentata,Floral visitor,pollination,1
Tecoma_stans,Plant,pollination,Vespidae_sp2,Floral visitor,pollination,1
Tecoma_stans,Plant,pollination,Vespidae_sp6,Floral visitor,pollination,1
Tournefortia_sp1,Plant,pollination,Apis_melifera,Floral visitor,pollination,1
Turnera_diffusa,Plant,pollination,Apis_melifera,Floral visitor,pollination,1
Turnera_diffusa,Plant,pollination,Ascia_monuste,Floral visitor,pollination,1
Turnera_diffusa,Plant,pollination,Danaus_gilipus,Floral visitor,pollination,1
Turnera_diffusa,Plant,pollination,Dryas_julia,Floral visitor,pollination,1
Turnera_diffusa,Plant,pollination,Agraulis_vanillae,Floral visitor,pollination,1
Turnera_diffusa,Plant,pollination,Sphecidae_sp4,Floral visitor,pollination,1
Turnera_diffusa,Plant,pollination,Centris_inermis,Floral visitor,pollination,1
Turnera_diffusa,Plant,pollination,Scaptotrigona_pectoralis,Floral visitor,pollination,1
Turnera_diffusa,Plant,pollination,Hemiargus_ceraunus,Floral visitor,pollination,1
Turnera_diffusa,Plant,pollination,Mesoplia_regalis,Floral visitor,pollination,1
Turnera_diffusa,Plant,pollination,Euptoieta_hegesia,Floral visitor,pollination,1
Turnera_diffusa,Plant,pollination,Hemipenthes_sp2,Floral visitor,pollination,1
Turnera_diffusa,Plant,pollination,Anthidiellum_sp1,Floral visitor,pollination,1
Turnera_diffusa,Plant,pollination,Coelioxys__sp1,Floral visitor,pollination,1
Turnera_diffusa,Plant,pollination,Chioides_zilpa,Floral visitor,pollination,1
Turnera_diffusa,Plant,pollination,Eurytides_philolaus,Floral visitor,pollination,1
Unknown_sp1,Plant,pollination,Apis_melifera,Floral visitor,pollination,1
Unknown_sp13,Plant,pollination,Apis_melifera,Floral visitor,pollination,1
Unknown_sp5,Plant,pollination,Apis_melifera,Floral visitor,pollination,1
Unknown_sp5,Plant,pollination,Muscidae_sp1,Floral visitor,pollination,1
Unknown_sp6,Plant,pollination,Apis_melifera,Floral visitor,pollination,1
Lantana_camara,Plant,pollination,Ascia_monuste,Floral visitor,pollination,1
Lantana_camara,Plant,pollination,Danaus_gilipus,Floral visitor,pollination,1
Lantana_camara,Plant,pollination,Phoebis_agarithe,Floral visitor,pollination,1
Lantana_camara,Plant,pollination,Achalarus_jalapus,Floral visitor,pollination,1
Lantana_camara,Plant,pollination,Dryas_julia,Floral visitor,pollination,1
Lantana_camara,Plant,pollination,Anartia_fatima,Floral visitor,pollination,1
Lantana_camara,Plant,pollination,Danaus_eresimus,Floral visitor,pollination,1
Lantana_camara,Plant,pollination,Urbanus_proteus,Floral visitor,pollination,1
Lantana_camara,Plant,pollination,Heliconius_charithonia,Floral visitor,pollination,1
Lantana_camara,Plant,pollination,Ceratina_sp1,Floral visitor,pollination,1
Lantana_camara,Plant,pollination,Papilio_anchisiades,Floral visitor,pollination,1
Lantana_camara,Plant,pollination,Urbanus_simplicius,Floral visitor,pollination,1
Lantana_camara,Plant,pollination,Cycloglypha_thrasibulus,Floral visitor,pollination,1
Lantana_camara,Plant,pollination,Dryadula_phaetusa,Floral visitor,pollination,1
Stachytarpheta_sp1,Plant,pollination,Ascia_monuste,Floral visitor,pollination,1
Stachytarpheta_sp1,Plant,pollination,Junona_evarete,Floral visitor,pollination,1
Cynanchum_sp1,Plant,pollination,Danaus_gilipus,Floral visitor,pollination,1
Cynanchum_sp1,Plant,pollination,Junona_evarete,Floral visitor,pollination,1
Cynanchum_sp1,Plant,pollination,Danaus_eresimus,Floral visitor,pollination,1
Cynanchum_sp1,Plant,pollination,Syrphidae_sp5,Floral visitor,pollination,1
Cynanchum_sp1,Plant,pollination,Syrphidae_sp3,Floral visitor,pollination,1
Cynanchum_sp1,Plant,pollination,Tachinidae_sp3,Floral visitor,pollination,1
Cynanchum_sp1,Plant,pollination,Palpada_sp1,Floral visitor,pollination,1
Cynanchum_sp1,Plant,pollination,Diptera_sp3,Floral visitor,pollination,1
Cynanchum_sp1,Plant,pollination,Adelpha_fessonia,Floral visitor,pollination,1
Cynanchum_sp1,Plant,pollination,Unknown_sp4,Floral visitor,pollination,1
Unknown_sp11,Plant,pollination,Danaus_gilipus,Floral visitor,pollination,1
Unknown_sp11,Plant,pollination,Nisoniades_sp1,Floral visitor,pollination,1
Unknown_sp11,Plant,pollination,Quasimellana_eulogius,Floral visitor,pollination,1
Unknown_sp11,Plant,pollination,Eristalis_sp1,Floral visitor,pollination,1
Unknown_sp11,Plant,pollination,Syrphidae_sp9,Floral visitor,pollination,1
Unknown_sp11,Plant,pollination,Pyrisitia_proterpia,Floral visitor,pollination,1
Delonix_regia,Plant,pollination,Phoebis_agarithe,Floral visitor,pollination,1
Delonix_regia,Plant,pollination,Amazilia_yucatanensis,Floral visitor,pollination,1
Delonix_regia,Plant,pollination,Eulaema_polychroma,Floral visitor,pollination,1
Delonix_regia,Plant,pollination,Euglossa_viridissima,Floral visitor,pollination,1
Delonix_regia,Plant,pollination,Xylocopa_fimbriata,Floral visitor,pollination,1
Macroptilium_atropurpureum,Plant,pollination,Phoebis_agarithe,Floral visitor,pollination,1
Macroptilium_atropurpureum,Plant,pollination,Urbanus_proteus,Floral visitor,pollination,1
Macroptilium_atropurpureum,Plant,pollination,Euglossa_viridissima,Floral visitor,pollination,1
Macroptilium_atropurpureum,Plant,pollination,Mesoplia_regalis,Floral visitor,pollination,1
Macroptilium_atropurpureum,Plant,pollination,Phoebis_sennae,Floral visitor,pollination,1
Macroptilium_atropurpureum,Plant,pollination,Urbanus_procne,Floral visitor,pollination,1
Gomphrena_sp1,Plant,pollination,Epargyreus_aspina,Floral visitor,pollination,1
Gomphrena_sp1,Plant,pollination,Melete_lycimnia,Floral visitor,pollination,1
Gomphrena_sp1,Plant,pollination,Pyrgus_communis,Floral visitor,pollination,1
Gomphrena_sp1,Plant,pollination,Closyne_lacinia,Floral visitor,pollination,1
Gomphrena_sp1,Plant,pollination,Everes_comyntas,Floral visitor,pollination,1
Carica_papaya,Plant,pollination,Astraptes_fulgerator,Floral visitor,pollination,1
Carica_papaya,Plant,pollination,Heliconius_charithonia,Floral visitor,pollination,1
Dryas_julia,Floral visitor,pollination,Bidens_pilosa,Plant,pollination,1
Dryas_julia,Floral visitor,pollination,Cordia_foliosa,Plant,pollination,1
Dryas_julia,Floral visitor,pollination,Lantana_camara,Plant,pollination,1
Dryas_julia,Floral visitor,pollination,Randia_laetevirens,Plant,pollination,1
Dryas_julia,Floral visitor,pollination,Turnera_diffusa,Plant,pollination,1
Dryas_julia,Floral visitor,pollination,Unknown_sp12,Plant,pollination,1
Junona_evarete,Floral visitor,pollination,Bidens_pilosa,Plant,pollination,1
Junona_evarete,Floral visitor,pollination,Cynanchum_sp1,Plant,pollination,1
Junona_evarete,Floral visitor,pollination,Palafoxia_lindenii,Plant,pollination,1
Junona_evarete,Floral visitor,pollination,Stachytarpheta_sp1,Plant,pollination,1
Junona_evarete,Floral visitor,pollination,Waltheria_indica,Plant,pollination,1
Agraulis_vanillae,Floral visitor,pollination,Bidens_pilosa,Plant,pollination,1
Agraulis_vanillae,Floral visitor,pollination,Cordia_dentata,Plant,pollination,1
Agraulis_vanillae,Floral visitor,pollination,Crusea_longiflora_,Plant,pollination,1
Agraulis_vanillae,Floral visitor,pollination,Palafoxia_lindenii,Plant,pollination,1
Agraulis_vanillae,Floral visitor,pollination,Turnera_diffusa,Plant,pollination,1
Anartia_fatima,Floral visitor,pollination,Bidens_pilosa,Plant,pollination,1
Anartia_fatima,Floral visitor,pollination,Cardiospermum_alicabrum,Plant,pollination,1
Anartia_fatima,Floral visitor,pollination,Lantana_camara,Plant,pollination,1
Anartia_fatima,Floral visitor,pollination,Muntigia_calabura,Plant,pollination,1
Anartia_fatima,Floral visitor,pollination,Unknown_sp4,Plant,pollination,1
Sphecidae_sp4,Floral visitor,pollination,Bidens_pilosa,Plant,pollination,1
Sphecidae_sp4,Floral visitor,pollination,Porophyllum_punctatum,Plant,pollination,1
Sphecidae_sp4,Floral visitor,pollination,Psychotria_erythrocapa,Plant,pollination,1
Sphecidae_sp4,Floral visitor,pollination,Turnera_diffusa,Plant,pollination,1
Sphecidae_sp1,Floral visitor,pollination,Bidens_pilosa,Plant,pollination,1
Sphecidae_sp1,Floral visitor,pollination,Heliotropium_sp1,Plant,pollination,1
Sphecidae_sp1,Floral visitor,pollination,Palafoxia_lindenii,Plant,pollination,1
Sphecidae_sp1,Floral visitor,pollination,Waltheria_indica,Plant,pollination,1
Syrphidae_sp2,Floral visitor,pollination,Bidens_pilosa,Plant,pollination,1
Syrphidae_sp2,Floral visitor,pollination,Chamaecrista_chamaecristoides,Plant,pollination,1
Syrphidae_sp2,Floral visitor,pollination,Commelina_erecta,Plant,pollination,1
Agapostemon_nasutus_,Floral visitor,pollination,Bidens_pilosa,Plant,pollination,1
Agapostemon_nasutus_,Floral visitor,pollination,Opuntia_stricta,Plant,pollination,1
Agapostemon_nasutus_,Floral visitor,pollination,Sida_sp1,Plant,pollination,1
Danaus_eresimus,Floral visitor,pollination,Bidens_pilosa,Plant,pollination,1
Danaus_eresimus,Floral visitor,pollination,Cynanchum_sp1,Plant,pollination,1
Danaus_eresimus,Floral visitor,pollination,Lantana_camara,Plant,pollination,1
Quasimellana_eulogius,Floral visitor,pollination,Bidens_pilosa,Plant,pollination,1
Quasimellana_eulogius,Floral visitor,pollination,Crusea_longiflora_,Plant,pollination,1
Quasimellana_eulogius,Floral visitor,pollination,Unknown_sp11,Plant,pollination,1
Auglochlora_nigrocyanea,Floral visitor,pollination,Bidens_pilosa,Plant,pollination,1
Auglochlora_nigrocyanea,Floral visitor,pollination,Ipomoea_alba,Plant,pollination,1
Auglochlora_nigrocyanea,Floral visitor,pollination,Ipomoea_sp3,Plant,pollination,1
Pyrgus_communis,Floral visitor,pollination,Bidens_pilosa,Plant,pollination,1
Pyrgus_communis,Floral visitor,pollination,Gomphrena_sp1,Plant,pollination,1
Pyrgus_communis,Floral visitor,pollination,Sida_sp1,Plant,pollination,1
Syrphidae_sp7,Floral visitor,pollination,Bidens_pilosa,Plant,pollination,1
Syrphidae_sp7,Floral visitor,pollination,Casearia_corymbosa,Plant,pollination,1
Calliopsis__sp1,Floral visitor,pollination,Bidens_pilosa,Plant,pollination,1
Calliopsis__sp1,Floral visitor,pollination,Palafoxia_lindenii,Plant,pollination,1
Anartia_jatrophae,Floral visitor,pollination,Bidens_pilosa,Plant,pollination,1
Anartia_jatrophae,Floral visitor,pollination,Sesuvium_maritimum,Plant,pollination,1
Phyciodes_tulcis,Floral visitor,pollination,Bidens_pilosa,Plant,pollination,1
Phyciodes_tulcis,Floral visitor,pollination,Casearia_corymbosa,Plant,pollination,1
Syrphidae_sp1,Floral visitor,pollination,Bidens_pilosa,Plant,pollination,1
Syrphidae_sp1,Floral visitor,pollination,Unknown_sp2,Plant,pollination,1
Tachinidae_sp1,Floral visitor,pollination,Bidens_pilosa,Plant,pollination,1
Tachinidae_sp2,Floral visitor,pollination,Bidens_pilosa,Plant,pollination,1
Megachile_sp2,Floral visitor,pollination,Bidens_pilosa,Plant,pollination,1
Hylephila_phyleus,Floral visitor,pollination,Bidens_pilosa,Plant,pollination,1
Vinepeius_tinga,Floral visitor,pollination,Bidens_pilosa,Plant,pollination,1
Cordia_foliosa,Plant,pollination,Dryas_julia,Floral visitor,pollination,1
Cordia_foliosa,Plant,pollination,Unknown_sp1,Floral visitor,pollination,1
Unknown_sp12,Plant,pollination,Dryas_julia,Floral visitor,pollination,1
Unknown_sp12,Plant,pollination,Euglossa_viridissima,Floral visitor,pollination,1
Muntigia_calabura,Plant,pollination,Anartia_fatima,Floral visitor,pollination,1
Muntigia_calabura,Plant,pollination,Urbanus_simplicius,Floral visitor,pollination,1
Unknown_sp4,Plant,pollination,Anartia_fatima,Floral visitor,pollination,1
Unknown_sp4,Plant,pollination,Pyrisitia_proterpia,Floral visitor,pollination,1
Porophyllum_punctatum,Plant,pollination,Sphecidae_sp4,Floral visitor,pollination,1
Porophyllum_punctatum,Plant,pollination,Scaptotrigona_pectoralis,Floral visitor,pollination,1
Porophyllum_punctatum,Plant,pollination,Hemipenthes_sp1,Floral visitor,pollination,1
Porophyllum_punctatum,Plant,pollination,Tachinidae_sp4,Floral visitor,pollination,1
Porophyllum_punctatum,Plant,pollination,Tachinidae_sp5,Floral visitor,pollination,1
Porophyllum_punctatum,Plant,pollination,Vespidae_sp8,Floral visitor,pollination,1
Heliotropium_sp1,Plant,pollination,Sphecidae_sp1,Floral visitor,pollination,1
Casearia_corymbosa,Plant,pollination,Syrphidae_sp7,Floral visitor,pollination,1
Casearia_corymbosa,Plant,pollination,Phyciodes_tulcis,Floral visitor,pollination,1
Casearia_corymbosa,Plant,pollination,Polistes_sp2,Floral visitor,pollination,1
Casearia_corymbosa,Plant,pollination,Vespidae_sp3,Floral visitor,pollination,1
Unknown_sp2,Plant,pollination,Syrphidae_sp1,Floral visitor,pollination,1
Unknown_sp2,Plant,pollination,Euglossa_viridissima,Floral visitor,pollination,1
Unknown_sp2,Plant,pollination,Vespidae_sp1,Floral visitor,pollination,1
Unknown_sp2,Plant,pollination,Sphecidae_sp2,Floral visitor,pollination,1
Bouchea_sp1,Plant,pollination,Centris_inermis,Floral visitor,pollination,1
Centris_inermis,Floral visitor,pollination,Bouchea_sp1,Plant,pollination,1
Centris_inermis,Floral visitor,pollination,Byrsonima_crassifolia,Plant,pollination,1
Centris_inermis,Floral visitor,pollination,Canavalia_rosea,Plant,pollination,1
Centris_inermis,Floral visitor,pollination,Crotalaria_incana,Plant,pollination,1
Centris_inermis,Floral visitor,pollination,Piscidia_piscipula,Plant,pollination,1
Centris_inermis,Floral visitor,pollination,Turnera_diffusa,Plant,pollination,1
Centris_inermis,Floral visitor,pollination,Unknown_sp8,Plant,pollination,1
Byrsonima_crassifolia,Plant,pollination,Centris_inermis,Floral visitor,pollination,1
Byrsonima_crassifolia,Plant,pollination,Phoebis_sp1,Floral visitor,pollination,1
Byrsonima_crassifolia,Plant,pollination,Paratetrapedia_sp1,Floral visitor,pollination,1
Crotalaria_incana,Plant,pollination,Centris_inermis,Floral visitor,pollination,1
Crotalaria_incana,Plant,pollination,Ceratina_sp1,Floral visitor,pollination,1
Crotalaria_incana,Plant,pollination,Vespidae_sp1,Floral visitor,pollination,1
Unknown_sp8,Plant,pollination,Centris_inermis,Floral visitor,pollination,1
Amazilia_yucatanensis,Floral visitor,pollination,Bromelia_pinguin,Plant,pollination,1
Amazilia_yucatanensis,Floral visitor,pollination,Delonix_regia,Plant,pollination,1
Amazilia_yucatanensis,Floral visitor,pollination,Inga_vera,Plant,pollination,1
Amazilia_yucatanensis,Floral visitor,pollination,Psittacanthus_calyculatus,Plant,pollination,1
Amazilia_yucatanensis,Floral visitor,pollination,Psittacanthus_schiedeanus,Plant,pollination,1
Amazilia_yucatanensis,Floral visitor,pollination,Tillandsia_limbata,Plant,pollination,1
Amazilia_yucatanensis,Floral visitor,pollination,Unknown_sp9,Plant,pollination,1
Phoebis_sp1,Floral visitor,pollination,Bromelia_pinguin,Plant,pollination,1
Phoebis_sp1,Floral visitor,pollination,Byrsonima_crassifolia,Plant,pollination,1
Phoebis_sp1,Floral visitor,pollination,Russelia_sp1,Plant,pollination,1
Inga_vera,Plant,pollination,Amazilia_yucatanensis,Floral visitor,pollination,1
Psittacanthus_schiedeanus,Plant,pollination,Amazilia_yucatanensis,Floral visitor,pollination,1
Tillandsia_limbata,Plant,pollination,Amazilia_yucatanensis,Floral visitor,pollination,1
Paratetrapedia_sp1,Floral visitor,pollination,Byrsonima_crassifolia,Plant,pollination,1
Scaptotrigona_pectoralis,Floral visitor,pollination,Caesalpinia_bonduc,Plant,pollination,1
Scaptotrigona_pectoralis,Floral visitor,pollination,Combretum_sp1,Plant,pollination,1
Scaptotrigona_pectoralis,Floral visitor,pollination,Cordia_sp1,Plant,pollination,1
Scaptotrigona_pectoralis,Floral visitor,pollination,Eugenia_capuli,Plant,pollination,1
Scaptotrigona_pectoralis,Floral visitor,pollination,Ipomoea_sp3,Plant,pollination,1
Scaptotrigona_pectoralis,Floral visitor,pollination,Porophyllum_punctatum,Plant,pollination,1
Scaptotrigona_pectoralis,Floral visitor,pollination,Tabebuia_chrysantha,Plant,pollination,1
Scaptotrigona_pectoralis,Floral visitor,pollination,Turnera_diffusa,Plant,pollination,1
Augochloropsis_sp1,Floral visitor,pollination,Caesalpinia_bonduc,Plant,pollination,1
Augochloropsis_sp1,Floral visitor,pollination,Chamaecrista_chamaecristoides,Plant,pollination,1
Augochloropsis_sp1,Floral visitor,pollination,Helianthus_sp1,Plant,pollination,1
Augochloropsis_sp1,Floral visitor,pollination,Waltheria_indica,Plant,pollination,1
Hemiargus_ceraunus,Floral visitor,pollination,Caesalpinia_bonduc,Plant,pollination,1
Hemiargus_ceraunus,Floral visitor,pollination,Turnera_diffusa,Plant,pollination,1
Hemiargus_ceraunus,Floral visitor,pollination,Waltheria_indica,Plant,pollination,1
Combretum_sp1,Plant,pollination,Scaptotrigona_pectoralis,Floral visitor,pollination,1
Cordia_sp1,Plant,pollination,Scaptotrigona_pectoralis,Floral visitor,pollination,1
Cordia_sp1,Plant,pollination,Unknown_sp1,Floral visitor,pollination,1
Cordia_sp1,Plant,pollination,Polistes_sp1,Floral visitor,pollination,1
Cordia_sp1,Plant,pollination,Calcididae_sp1,Floral visitor,pollination,1
Cordia_sp1,Plant,pollination,Colletes_punctipennis,Floral visitor,pollination,1
Cordia_sp1,Plant,pollination,Epicharis_lunulata,Floral visitor,pollination,1
Cordia_sp1,Plant,pollination,Vespidae_sp5,Floral visitor,pollination,1
Cordia_sp1,Plant,pollination,Anteros_carausius,Floral visitor,pollination,1
Eugenia_capuli,Plant,pollination,Scaptotrigona_pectoralis,Floral visitor,pollination,1
Eugenia_capuli,Plant,pollination,Sphecidae_sp2,Floral visitor,pollination,1
Tabebuia_chrysantha,Plant,pollination,Scaptotrigona_pectoralis,Floral visitor,pollination,1
Tabebuia_chrysantha,Plant,pollination,Euglossa_viridissima,Floral visitor,pollination,1
Helianthus_sp1,Plant,pollination,Augochloropsis_sp1,Floral visitor,pollination,1
Callisia_fragrans,Plant,pollination,Syrphidae_sp6,Floral visitor,pollination,1
Callisia_fragrans,Plant,pollination,Pseudaugochlora_graminea_,Floral visitor,pollination,1
Syrphidae_sp6,Floral visitor,pollination,Callisia_fragrans,Plant,pollination,1
Syrphidae_sp6,Floral visitor,pollination,Petiveria_alliaceae,Plant,pollination,1
Pseudaugochlora_graminea_,Floral visitor,pollination,Callisia_fragrans,Plant,pollination,1
Eulaema_polychroma,Floral visitor,pollination,Canavalia_rosea,Plant,pollination,1
Eulaema_polychroma,Floral visitor,pollination,Delonix_regia,Plant,pollination,1
Polythrix_mexicanus,Floral visitor,pollination,Canavalia_rosea,Plant,pollination,1
Polythrix_mexicanus,Floral visitor,pollination,Randia_laetevirens,Plant,pollination,1
Urbanus_proteus,Floral visitor,pollination,Cardiospermum_alicabrum,Plant,pollination,1
Urbanus_proteus,Floral visitor,pollination,Crusea_longiflora_,Plant,pollination,1
Urbanus_proteus,Floral visitor,pollination,Lantana_camara,Plant,pollination,1
Urbanus_proteus,Floral visitor,pollination,Macroptilium_atropurpureum,Plant,pollination,1
Urbanus_proteus,Floral visitor,pollination,Piscidia_piscipula,Plant,pollination,1
Augochlorella__sp1,Floral visitor,pollination,Cardiospermum_alicabrum,Plant,pollination,1
Augochlorella__sp1,Floral visitor,pollination,Hyptis_suaveolens,Plant,pollination,1
Phtiria_sp2,Floral visitor,pollination,Cardiospermum_alicabrum,Plant,pollination,1
Heliconius_charithonia,Floral visitor,pollination,Carica_papaya,Plant,pollination,1
Heliconius_charithonia,Floral visitor,pollination,Lantana_camara,Plant,pollination,1
Heliconius_charithonia,Floral visitor,pollination,Randia_laetevirens,Plant,pollination,1
Polistes_sp2,Floral visitor,pollination,Casearia_corymbosa,Plant,pollination,1
Vespidae_sp3,Floral visitor,pollination,Casearia_corymbosa,Plant,pollination,1
Ceratina_sp1,Floral visitor,pollination,Cayaponia_attenuata,Plant,pollination,1
Ceratina_sp1,Floral visitor,pollination,Cnidoscolus_sp1,Plant,pollination,1
Ceratina_sp1,Floral visitor,pollination,Commelina_erecta,Plant,pollination,1
Ceratina_sp1,Floral visitor,pollination,Crotalaria_incana,Plant,pollination,1
Ceratina_sp1,Floral visitor,pollination,Lantana_camara,Plant,pollination,1
Ceratina_sp1,Floral visitor,pollination,Opuntia_stricta,Plant,pollination,1
Ceratina_sp1,Floral visitor,pollination,Tecoma_stans,Plant,pollination,1
Ceratina_sp1,Floral visitor,pollination,Turnera_ulmifolia,Plant,pollination,1
Melanis_pixe,Floral visitor,pollination,Cayaponia_attenuata,Plant,pollination,1
Melanis_pixe,Floral visitor,pollination,Conocarpus_erectus,Plant,pollination,1
Sostrata_bifasciata,Floral visitor,pollination,Cayaponia_attenuata,Plant,pollination,1
Staphylus_mazans,Floral visitor,pollination,Cayaponia_attenuata,Plant,pollination,1
Cnidoscolus_sp1,Plant,pollination,Ceratina_sp1,Floral visitor,pollination,1
Euglossa_viridissima,Floral visitor,pollination,Chamaecrista_chamaecristoides,Plant,pollination,1
Euglossa_viridissima,Floral visitor,pollination,Delonix_regia,Plant,pollination,1
Euglossa_viridissima,Floral visitor,pollination,Ipomoea_pescaprae,Plant,pollination,1
Euglossa_viridissima,Floral visitor,pollination,Macroptilium_atropurpureum,Plant,pollination,1
Euglossa_viridissima,Floral visitor,pollination,Psidium_guajava,Plant,pollination,1
Euglossa_viridissima,Floral visitor,pollination,Psittacanthus_calyculatus,Plant,pollination,1
Euglossa_viridissima,Floral visitor,pollination,Tabebuia_chrysantha,Plant,pollination,1
Euglossa_viridissima,Floral visitor,pollination,Unknown_sp12,Plant,pollination,1
Euglossa_viridissima,Floral visitor,pollination,Unknown_sp2,Plant,pollination,1
Vespidae_sp1,Floral visitor,pollination,Chamaecrista_chamaecristoides,Plant,pollination,1
Vespidae_sp1,Floral visitor,pollination,Crotalaria_incana,Plant,pollination,1
Vespidae_sp1,Floral visitor,pollination,Neptunia_oleracea,Plant,pollination,1
Vespidae_sp1,Floral visitor,pollination,Unknown_sp2,Plant,pollination,1
Centris_nitida,Floral visitor,pollination,Chamaecrista_chamaecristoides,Plant,pollination,1
Unknown_sp3,Floral visitor,pollination,Chamaecrista_chamaecristoides,Plant,pollination,1
Ipomoea_pescaprae,Plant,pollination,Euglossa_viridissima,Floral visitor,pollination,1
Psidium_guajava,Plant,pollination,Euglossa_viridissima,Floral visitor,pollination,1
Aguna_claxon,Floral visitor,pollination,Commelina_erecta,Plant,pollination,1
Rethus_arcius,Floral visitor,pollination,Conocarpus_erectus,Plant,pollination,1
Scoliidae_sp1,Floral visitor,pollination,Cordia_dentata,Plant,pollination,1
Scoliidae_sp1,Floral visitor,pollination,Tecoma_stans,Plant,pollination,1
Lasioglossum_sp2,Floral visitor,pollination,Cordia_dentata,Plant,pollination,1
Unknown_sp1,Floral visitor,pollination,Cordia_foliosa,Plant,pollination,1
Unknown_sp1,Floral visitor,pollination,Cordia_sp1,Plant,pollination,1
Unknown_sp1,Floral visitor,pollination,Piscidia_piscipula,Plant,pollination,1
Polistes_sp1,Floral visitor,pollination,Cordia_sp1,Plant,pollination,1
Polistes_sp1,Floral visitor,pollination,Petiveria_alliaceae,Plant,pollination,1
Calcididae_sp1,Floral visitor,pollination,Cordia_sp1,Plant,pollination,1
Colletes_punctipennis,Floral visitor,pollination,Cordia_sp1,Plant,pollination,1
Epicharis_lunulata,Floral visitor,pollination,Cordia_sp1,Plant,pollination,1
Vespidae_sp5,Floral visitor,pollination,Cordia_sp1,Plant,pollination,1
Anteros_carausius,Floral visitor,pollination,Cordia_sp1,Plant,pollination,1
Codactractus_sp1,Floral visitor,pollination,Crusea_longiflora_,Plant,pollination,1
Codactractus_sp1,Floral visitor,pollination,Randia_laetevirens,Plant,pollination,1
Urbanus_esmeraldus,Floral visitor,pollination,Crusea_longiflora_,Plant,pollination,1
Urbanus_esmeraldus,Floral visitor,pollination,Randia_laetevirens,Plant,pollination,1
Epargyreus_exadeus,Floral visitor,pollination,Crusea_longiflora_,Plant,pollination,1
Epargyreus_exadeus,Floral visitor,pollination,Randia_laetevirens,Plant,pollination,1
Syrphidae_sp5,Floral visitor,pollination,Cynanchum_sp1,Plant,pollination,1
Syrphidae_sp5,Floral visitor,pollination,Petiveria_alliaceae,Plant,pollination,1
Syrphidae_sp5,Floral visitor,pollination,Sesuvium_maritimum,Plant,pollination,1
Syrphidae_sp3,Floral visitor,pollination,Cynanchum_sp1,Plant,pollination,1
Syrphidae_sp3,Floral visitor,pollination,Palafoxia_lindenii,Plant,pollination,1
Tachinidae_sp3,Floral visitor,pollination,Cynanchum_sp1,Plant,pollination,1
Palpada_sp1,Floral visitor,pollination,Cynanchum_sp1,Plant,pollination,1
Diptera_sp3,Floral visitor,pollination,Cynanchum_sp1,Plant,pollination,1
Adelpha_fessonia,Floral visitor,pollination,Cynanchum_sp1,Plant,pollination,1
Unknown_sp4,Floral visitor,pollination,Cynanchum_sp1,Plant,pollination,1
Xylocopa_fimbriata,Floral visitor,pollination,Delonix_regia,Plant,pollination,1
Xylocopa_fimbriata,Floral visitor,pollination,Piscidia_piscipula,Plant,pollination,1
Xylocopa_fimbriata,Floral visitor,pollination,Randia_laetevirens,Plant,pollination,1
Xylocopa_fimbriata,Floral visitor,pollination,Tecoma_stans,Plant,pollination,1
Sphecidae_sp2,Floral visitor,pollination,Eugenia_capuli,Plant,pollination,1
Sphecidae_sp2,Floral visitor,pollination,Hyptis_suaveolens,Plant,pollination,1
Sphecidae_sp2,Floral visitor,pollination,Ipomoea_sp2,Plant,pollination,1
Sphecidae_sp2,Floral visitor,pollination,Piscidia_piscipula,Plant,pollination,1
Sphecidae_sp2,Floral visitor,pollination,Roystonea_dunlapiana,Plant,pollination,1
Sphecidae_sp2,Floral visitor,pollination,Tecoma_stans,Plant,pollination,1
Sphecidae_sp2,Floral visitor,pollination,Unknown_sp2,Plant,pollination,1
Closyne_lacinia,Floral visitor,pollination,Gomphrena_sp1,Plant,pollination,1
Closyne_lacinia,Floral visitor,pollination,Palafoxia_lindenii,Plant,pollination,1
Everes_comyntas,Floral visitor,pollination,Gomphrena_sp1,Plant,pollination,1
Paratetrapedia_moesta,Floral visitor,pollination,Hyptis_suaveolens,Plant,pollination,1
Paratetrapedia_moesta,Floral visitor,pollination,Psychotria_erythrocapa,Plant,pollination,1
Paratetrapedia_moesta,Floral visitor,pollination,Waltheria_indica,Plant,pollination,1
Hemipenthes_sp1,Floral visitor,pollination,Hyptis_suaveolens,Plant,pollination,1
Hemipenthes_sp1,Floral visitor,pollination,Porophyllum_punctatum,Plant,pollination,1
Bombyliidae_sp1,Floral visitor,pollination,Hyptis_suaveolens,Plant,pollination,1
Exomalopsis_zexmeniae,Floral visitor,pollination,Hyptis_suaveolens,Plant,pollination,1
Hypantidium_sp1,Floral visitor,pollination,Hyptis_suaveolens,Plant,pollination,1
Bracon_sp1,Floral visitor,pollination,Hyptis_suaveolens,Plant,pollination,1
Coelioxys_sp2,Floral visitor,pollination,Hyptis_suaveolens,Plant,pollination,1
Phtiria_sp1,Floral visitor,pollination,Ipomoea_alba,Plant,pollination,1
Phtiria_sp1,Floral visitor,pollination,Turnera_ulmifolia,Plant,pollination,1
Lycastrirhyncha_sp1,Floral visitor,pollination,Ipomoea_sp2,Plant,pollination,1
Lycastrirhyncha_sp1,Floral visitor,pollination,Pontederia_sagitatta,Plant,pollination,1
Melissodes_tepaneca_,Floral visitor,pollination,Ipomoea_sp2,Plant,pollination,1
Melissodes_tepaneca_,Floral visitor,pollination,Turnera_ulmifolia,Plant,pollination,1
Centris_sp1,Floral visitor,pollination,Ipomoea_sp2,Plant,pollination,1
Augochlora_sp2,Floral visitor,pollination,Ipomoea_sp3,Plant,pollination,1
Augochlora_sp2,Floral visitor,pollination,Ipomoea_sp4,Plant,pollination,1
Augochlora_sp2,Floral visitor,pollination,Unknown_sp3,Plant,pollination,1
Ipomoea_sp4,Plant,pollination,Augochlora_sp2,Floral visitor,pollination,1
Unknown_sp3,Plant,pollination,Augochlora_sp2,Floral visitor,pollination,1
Jaquinia_macrocarpa,Plant,pollination,Theope_eupolis,Floral visitor,pollination,1
Theope_eupolis,Floral visitor,pollination,Jaquinia_macrocarpa,Plant,pollination,1
Karwinskia_humboldtiana,Plant,pollination,Calliopsis_sp2,Floral visitor,pollination,1
Calliopsis_sp2,Floral visitor,pollination,Karwinskia_humboldtiana,Plant,pollination,1
Papilio_anchisiades,Floral visitor,pollination,Lantana_camara,Plant,pollination,1
Papilio_anchisiades,Floral visitor,pollination,Russelia_sp1,Plant,pollination,1
Urbanus_simplicius,Floral visitor,pollination,Lantana_camara,Plant,pollination,1
Urbanus_simplicius,Floral visitor,pollination,Muntigia_calabura,Plant,pollination,1
Cycloglypha_thrasibulus,Floral visitor,pollination,Lantana_camara,Plant,pollination,1
Dryadula_phaetusa,Floral visitor,pollination,Lantana_camara,Plant,pollination,1
Mesoplia_regalis,Floral visitor,pollination,Macroptilium_atropurpureum,Plant,pollination,1
Mesoplia_regalis,Floral visitor,pollination,Turnera_diffusa,Plant,pollination,1
Mesoplia_regalis,Floral visitor,pollination,Waltheria_indica,Plant,pollination,1
Phoebis_sennae,Floral visitor,pollination,Macroptilium_atropurpureum,Plant,pollination,1
Phoebis_sennae,Floral visitor,pollination,Tecoma_stans,Plant,pollination,1
Phoebis_sennae,Floral visitor,pollination,Turnera_ulmifolia,Plant,pollination,1
Urbanus_procne,Floral visitor,pollination,Macroptilium_atropurpureum,Plant,pollination,1
Ancylocelis_apiformis_,Floral visitor,pollination,Opuntia_stricta,Plant,pollination,1
Megachile_sp3,Floral visitor,pollination,Opuntia_stricta,Plant,pollination,1
Eristalis_sp1,Floral visitor,pollination,Palafoxia_lindenii,Plant,pollination,1
Eristalis_sp1,Floral visitor,pollination,Randia_laetevirens,Plant,pollination,1
Eristalis_sp1,Floral visitor,pollination,Unknown_sp11,Plant,pollination,1
Syrphidae_sp9,Floral visitor,pollination,Palafoxia_lindenii,Plant,pollination,1
Syrphidae_sp9,Floral visitor,pollination,Terminalia_catappa,Plant,pollination,1
Syrphidae_sp9,Floral visitor,pollination,Unknown_sp11,Plant,pollination,1
Geron_sp1,Floral visitor,pollination,Palafoxia_lindenii,Plant,pollination,1
Geron_sp1,Floral visitor,pollination,Waltheria_indica,Plant,pollination,1
Danaus_plexippus,Floral visitor,pollination,Palafoxia_lindenii,Plant,pollination,1
Passiflora_sp1,Plant,pollination,Ptiloglossa_sp1,Floral visitor,pollination,1
Ptiloglossa_sp1,Floral visitor,pollination,Passiflora_sp1,Plant,pollination,1
Dolichopodidae_sp1,Floral visitor,pollination,Petiveria_alliaceae,Plant,pollination,1
Syrphidae_sp4,Floral visitor,pollination,Piscidia_piscipula,Plant,pollination,1
Colletes_sp1,Floral visitor,pollination,Piscidia_piscipula,Plant,pollination,1
Megachile_sp1,Floral visitor,pollination,Piscidia_piscipula,Plant,pollination,1
Megachile_sp6,Floral visitor,pollination,Piscidia_piscipula,Plant,pollination,1
Tachinidae_sp4,Floral visitor,pollination,Porophyllum_punctatum,Plant,pollination,1
Tachinidae_sp5,Floral visitor,pollination,Porophyllum_punctatum,Plant,pollination,1
Vespidae_sp8,Floral visitor,pollination,Porophyllum_punctatum,Plant,pollination,1
Prestonia_sp1,Plant,pollination,Sarcophagidae_sp1,Floral visitor,pollination,1
Prestonia_sp1,Plant,pollination,Muscidae_sp2,Floral visitor,pollination,1
Sarcophagidae_sp1,Floral visitor,pollination,Prestonia_sp1,Plant,pollination,1
Muscidae_sp2,Floral visitor,pollination,Prestonia_sp1,Plant,pollination,1
Archilochus_colubris,Floral visitor,pollination,Psittacanthus_calyculatus,Plant,pollination,1
Archilochus_colubris,Floral visitor,pollination,Tecoma_stans,Plant,pollination,1
Mydas_sp1,Floral visitor,pollination,Psychotria_erythrocapa,Plant,pollination,1
Mydas_sp1,Floral visitor,pollination,Waltheria_indica,Plant,pollination,1
Pompilidae_sp2,Floral visitor,pollination,Psychotria_erythrocapa,Plant,pollination,1
Strymon_alba,Floral visitor,pollination,Psychotria_erythrocapa,Plant,pollination,1
Tachinidae_sp6,Floral visitor,pollination,Randia_laetevirens,Plant,pollination,1
Unknown_sp2,Floral visitor,pollination,Randia_laetevirens,Plant,pollination,1
Marpesia_sp1,Floral visitor,pollination,Randia_laetevirens,Plant,pollination,1
Unknown_sp5,Floral visitor,pollination,Randia_laetevirens,Plant,pollination,1
Proteides_mercurius,Floral visitor,pollination,Randia_laetevirens,Plant,pollination,1
Urbanus_doryssus,Floral visitor,pollination,Randia_laetevirens,Plant,pollination,1
Sphecidae_sp3,Floral visitor,pollination,Sesuvium_maritimum,Plant,pollination,1
Pyrgus_oileus,Floral visitor,pollination,Sida_sp1,Plant,pollination,1
Augochlora_sp1,Floral visitor,pollination,Tecoma_stans,Plant,pollination,1
Eufriesea_mexicana_,Floral visitor,pollination,Tecoma_stans,Plant,pollination,1
Peponapis_crassidentata,Floral visitor,pollination,Tecoma_stans,Plant,pollination,1
Vespidae_sp2,Floral visitor,pollination,Tecoma_stans,Plant,pollination,1
Vespidae_sp6,Floral visitor,pollination,Tecoma_stans,Plant,pollination,1
Diptera_sp1,Floral visitor,pollination,Terminalia_catappa,Plant,pollination,1
Diptera_sp2,Floral visitor,pollination,Terminalia_catappa,Plant,pollination,1
Vespidae_sp7,Floral visitor,pollination,Terminalia_catappa,Plant,pollination,1
Euptoieta_hegesia,Floral visitor,pollination,Turnera_diffusa,Plant,pollination,1
Euptoieta_hegesia,Floral visitor,pollination,Waltheria_indica,Plant,pollination,1
Hemipenthes_sp2,Floral visitor,pollination,Turnera_diffusa,Plant,pollination,1
Anthidiellum_sp1,Floral visitor,pollination,Turnera_diffusa,Plant,pollination,1
Coelioxys__sp1,Floral visitor,pollination,Turnera_diffusa,Plant,pollination,1
Chioides_zilpa,Floral visitor,pollination,Turnera_diffusa,Plant,pollination,1
Eurytides_philolaus,Floral visitor,pollination,Turnera_diffusa,Plant,pollination,1
Phtiria_sp3,Floral visitor,pollination,Turnera_ulmifolia,Plant,pollination,1
Calycopis_isobeon,Floral visitor,pollination,Turnera_ulmifolia,Plant,pollination,1
Polytex_vibex,Floral visitor,pollination,Turnera_ulmifolia,Plant,pollination,1
Lerodea_dysaules,Floral visitor,pollination,Turnera_ulmifolia,Plant,pollination,1
Pyrisitia_proterpia,Floral visitor,pollination,Unknown_sp11,Plant,pollination,1
Pyrisitia_proterpia,Floral visitor,pollination,Unknown_sp4,Plant,pollination,1
Muscidae_sp1,Floral visitor,pollination,Unknown_sp5,Plant,pollination,1
Unknown_sp7,Plant,pollination,Heliconius_erato,Floral visitor,pollination,1
Heliconius_erato,Floral visitor,pollination,Unknown_sp7,Plant,pollination,1
Vespidae_sp4,Floral visitor,pollination,Waltheria_indica,Plant,pollination,1
Sphecidae_sp5,Floral visitor,pollination,Waltheria_indica,Plant,pollination,1
Chlosyne_theona,Floral visitor,pollination,Waltheria_indica,Plant,pollination,1
Achatocarpus_nigricans,Plant,dispersion,Cyanocorax_morio,Seed dispersal,dispersion,1.0
Achatocarpus_nigricans,Plant,dispersion,Ortalis_vetula,Seed dispersal,dispersion,1.0
Achatocarpus_nigricans,Plant,dispersion,Myiozetetes_similis,Seed dispersal,dispersion,1.0
Achatocarpus_nigricans,Plant,dispersion,Psarocolius_montezuma,Seed dispersal,dispersion,1.0
Achatocarpus_nigricans,Plant,dispersion,Pitangus_sulphuratus,Seed dispersal,dispersion,1.0
Achatocarpus_nigricans,Plant,dispersion,Icterus_gularis,Seed dispersal,dispersion,1.0
Achatocarpus_nigricans,Plant,dispersion,Megarynchus_pitangua,Seed dispersal,dispersion,1.0
Achatocarpus_nigricans,Plant,dispersion,Melanerpes_aurifrons,Seed dispersal,dispersion,1.0
Achatocarpus_nigricans,Plant,dispersion,Dives_dives,Seed dispersal,dispersion,1.0
Cyanocorax_morio,Seed dispersal,dispersion,Achatocarpus_nigricans,Plant,dispersion,1.0
Cyanocorax_morio,Seed dispersal,dispersion,Bromelia_pinguin,Plant,dispersion,1.0
Cyanocorax_morio,Seed dispersal,dispersion,Bursera_simaruba,Plant,dispersion,1.0
Cyanocorax_morio,Seed dispersal,dispersion,Casearia_corymbosa,Plant,dispersion,1.0
Cyanocorax_morio,Seed dispersal,dispersion,Dendropanax_arboreus,Plant,dispersion,1.0
Cyanocorax_morio,Seed dispersal,dispersion,Ficus_cotinifolia,Plant,dispersion,1.0
Cyanocorax_morio,Seed dispersal,dispersion,Malpighia_glabra,Plant,dispersion,1.0
Cyanocorax_morio,Seed dispersal,dispersion,Randia_laetevirens,Plant,dispersion,1.0
Cyanocorax_morio,Seed dispersal,dispersion,Sabal_mexicana,Plant,dispersion,1.0
Cyanocorax_morio,Seed dispersal,dispersion,Vitis_biformis,Plant,dispersion,1.0
Ortalis_vetula,Seed dispersal,dispersion,Achatocarpus_nigricans,Plant,dispersion,1.0
Ortalis_vetula,Seed dispersal,dispersion,Dendropanax_arboreus,Plant,dispersion,1.0
Ortalis_vetula,Seed dispersal,dispersion,Ficus_cotinifolia,Plant,dispersion,1.0
Ortalis_vetula,Seed dispersal,dispersion,Guettarda_elliptica,Plant,dispersion,1.0
Ortalis_vetula,Seed dispersal,dispersion,Randia_laetevirens,Plant,dispersion,1.0
Ortalis_vetula,Seed dispersal,dispersion,Turnefortia_hirsutissima,Plant,dispersion,1.0
Myiozetetes_similis,Seed dispersal,dispersion,Achatocarpus_nigricans,Plant,dispersion,1.0
Myiozetetes_similis,Seed dispersal,dispersion,Bursera_simaruba,Plant,dispersion,1.0
Myiozetetes_similis,Seed dispersal,dispersion,Celtis_caudata,Plant,dispersion,1.0
Myiozetetes_similis,Seed dispersal,dispersion,Ficus_cotinifolia,Plant,dispersion,1.0
Myiozetetes_similis,Seed dispersal,dispersion,Pithecellobium_calistachys,Plant,dispersion,1.0
Myiozetetes_similis,Seed dispersal,dispersion,Rourea_glabra,Plant,dispersion,1.0
Psarocolius_montezuma,Seed dispersal,dispersion,Achatocarpus_nigricans,Plant,dispersion,1.0
Psarocolius_montezuma,Seed dispersal,dispersion,Bursera_simaruba,Plant,dispersion,1.0
Psarocolius_montezuma,Seed dispersal,dispersion,Coccoloba_barbadensis,Plant,dispersion,1.0
Psarocolius_montezuma,Seed dispersal,dispersion,Ficus_cotinifolia,Plant,dispersion,1.0
Psarocolius_montezuma,Seed dispersal,dispersion,Vitis_biformis,Plant,dispersion,1.0
Pitangus_sulphuratus,Seed dispersal,dispersion,Achatocarpus_nigricans,Plant,dispersion,1.0
Pitangus_sulphuratus,Seed dispersal,dispersion,Bursera_simaruba,Plant,dispersion,1.0
Pitangus_sulphuratus,Seed dispersal,dispersion,Celtis_caudata,Plant,dispersion,1.0
Pitangus_sulphuratus,Seed dispersal,dispersion,Ficus_cotinifolia,Plant,dispersion,1.0
Pitangus_sulphuratus,Seed dispersal,dispersion,Rourea_glabra,Plant,dispersion,1.0
Icterus_gularis,Seed dispersal,dispersion,Achatocarpus_nigricans,Plant,dispersion,1.0
Icterus_gularis,Seed dispersal,dispersion,Bursera_simaruba,Plant,dispersion,1.0
Icterus_gularis,Seed dispersal,dispersion,Celtis_caudata,Plant,dispersion,1.0
Icterus_gularis,Seed dispersal,dispersion,Ficus_cotinifolia,Plant,dispersion,1.0
Megarynchus_pitangua,Seed dispersal,dispersion,Achatocarpus_nigricans,Plant,dispersion,1.0
Megarynchus_pitangua,Seed dispersal,dispersion,Bursera_simaruba,Plant,dispersion,1.0
Megarynchus_pitangua,Seed dispersal,dispersion,Dendropanax_arboreus,Plant,dispersion,1.0
Megarynchus_pitangua,Seed dispersal,dispersion,Ficus_cotinifolia,Plant,dispersion,1.0
Melanerpes_aurifrons,Seed dispersal,dispersion,Achatocarpus_nigricans,Plant,dispersion,1.0
Melanerpes_aurifrons,Seed dispersal,dispersion,Bursera_simaruba,Plant,dispersion,1.0
Melanerpes_aurifrons,Seed dispersal,dispersion,Ficus_cotinifolia,Plant,dispersion,1.0
Dives_dives,Seed dispersal,dispersion,Achatocarpus_nigricans,Plant,dispersion,1.0
Dives_dives,Seed dispersal,dispersion,Ficus_cotinifolia,Plant,dispersion,1.0
Bromelia_pinguin,Plant,dispersion,Cyanocorax_morio,Seed dispersal,dispersion,1.0
Bursera_simaruba,Plant,dispersion,Cyanocorax_morio,Seed dispersal,dispersion,1.0
Bursera_simaruba,Plant,dispersion,Myiozetetes_similis,Seed dispersal,dispersion,1.0
Bursera_simaruba,Plant,dispersion,Psarocolius_montezuma,Seed dispersal,dispersion,1.0
Bursera_simaruba,Plant,dispersion,Pitangus_sulphuratus,Seed dispersal,dispersion,1.0
Bursera_simaruba,Plant,dispersion,Icterus_gularis,Seed dispersal,dispersion,1.0
Bursera_simaruba,Plant,dispersion,Megarynchus_pitangua,Seed dispersal,dispersion,1.0
Bursera_simaruba,Plant,dispersion,Melanerpes_aurifrons,Seed dispersal,dispersion,1.0
Bursera_simaruba,Plant,dispersion,Tyrannus_forficatus,Seed dispersal,dispersion,1.0
Bursera_simaruba,Plant,dispersion,Vireo_olivaceus,Seed dispersal,dispersion,1.0
Bursera_simaruba,Plant,dispersion,Myiarchus_crinitus,Seed dispersal,dispersion,1.0
Bursera_simaruba,Plant,dispersion,Icterus_galbula,Seed dispersal,dispersion,1.0
Bursera_simaruba,Plant,dispersion,Tyrannus_verticalis,Seed dispersal,dispersion,1.0
Bursera_simaruba,Plant,dispersion,Trogon_melanocephalus,Seed dispersal,dispersion,1.0
Bursera_simaruba,Plant,dispersion,Tityra_semifasciata,Seed dispersal,dispersion,1.0
Bursera_simaruba,Plant,dispersion,Piranga_ludoviciana,Seed dispersal,dispersion,1.0
Bursera_simaruba,Plant,dispersion,Piranga_olivacea,Seed dispersal,dispersion,1.0
Bursera_simaruba,Plant,dispersion,Piranga_rubra,Seed dispersal,dispersion,1.0
Bursera_simaruba,Plant,dispersion,Icterus_cucullatus,Seed dispersal,dispersion,1.0
Bursera_simaruba,Plant,dispersion,Myiarchus_tyrannulus,Seed dispersal,dispersion,1.0
Bursera_simaruba,Plant,dispersion,Vireo_solitarius,Seed dispersal,dispersion,1.0
Casearia_corymbosa,Plant,dispersion,Cyanocorax_morio,Seed dispersal,dispersion,1.0
Dendropanax_arboreus,Plant,dispersion,Cyanocorax_morio,Seed dispersal,dispersion,1.0
Dendropanax_arboreus,Plant,dispersion,Ortalis_vetula,Seed dispersal,dispersion,1.0
Dendropanax_arboreus,Plant,dispersion,Megarynchus_pitangua,Seed dispersal,dispersion,1.0
Dendropanax_arboreus,Plant,dispersion,Turdus_grayi,Seed dispersal,dispersion,1.0
Dendropanax_arboreus,Plant,dispersion,Thraupis_episcopus,Seed dispersal,dispersion,1.0
Ficus_cotinifolia,Plant,dispersion,Cyanocorax_morio,Seed dispersal,dispersion,1.0
Ficus_cotinifolia,Plant,dispersion,Ortalis_vetula,Seed dispersal,dispersion,1.0
Ficus_cotinifolia,Plant,dispersion,Myiozetetes_similis,Seed dispersal,dispersion,1.0
Ficus_cotinifolia,Plant,dispersion,Psarocolius_montezuma,Seed dispersal,dispersion,1.0
Ficus_cotinifolia,Plant,dispersion,Pitangus_sulphuratus,Seed dispersal,dispersion,1.0
Ficus_cotinifolia,Plant,dispersion,Icterus_gularis,Seed dispersal,dispersion,1.0
Ficus_cotinifolia,Plant,dispersion,Megarynchus_pitangua,Seed dispersal,dispersion,1.0
Ficus_cotinifolia,Plant,dispersion,Melanerpes_aurifrons,Seed dispersal,dispersion,1.0
Ficus_cotinifolia,Plant,dispersion,Dives_dives,Seed dispersal,dispersion,1.0
Ficus_cotinifolia,Plant,dispersion,Tyrannus_forficatus,Seed dispersal,dispersion,1.0
Ficus_cotinifolia,Plant,dispersion,Dumetella_carolinensis,Seed dispersal,dispersion,1.0
Ficus_cotinifolia,Plant,dispersion,Icterus_galbula,Seed dispersal,dispersion,1.0
Ficus_cotinifolia,Plant,dispersion,Trogon_melanocephalus,Seed dispersal,dispersion,1.0
Ficus_cotinifolia,Plant,dispersion,Tityra_semifasciata,Seed dispersal,dispersion,1.0
Ficus_cotinifolia,Plant,dispersion,Piranga_ludoviciana,Seed dispersal,dispersion,1.0
Ficus_cotinifolia,Plant,dispersion,Piranga_olivacea,Seed dispersal,dispersion,1.0
Ficus_cotinifolia,Plant,dispersion,Piranga_rubra,Seed dispersal,dispersion,1.0
Ficus_cotinifolia,Plant,dispersion,Icterus_cucullatus,Seed dispersal,dispersion,1.0
Ficus_cotinifolia,Plant,dispersion,Turdus_grayi,Seed dispersal,dispersion,1.0
Ficus_cotinifolia,Plant,dispersion,Thraupis_episcopus,Seed dispersal,dispersion,1.0
Ficus_cotinifolia,Plant,dispersion,Thraupis_episcopus2,Seed dispersal,dispersion,1.0
Ficus_cotinifolia,Plant,dispersion,Bombycilla_cedrorum,Seed dispersal,dispersion,1.0
Ficus_cotinifolia,Plant,dispersion,Tyrannus_melancholicus,Seed dispersal,dispersion,1.0
Ficus_cotinifolia,Plant,dispersion,Quiscalus_mexicanus,Seed dispersal,dispersion,1.0
Ficus_cotinifolia,Plant,dispersion,Icterus_spurius,Seed dispersal,dispersion,1.0
Ficus_cotinifolia,Plant,dispersion,Piranga_bidentata,Seed dispersal,dispersion,1.0
Ficus_cotinifolia,Plant,dispersion,Momotus_momota,Seed dispersal,dispersion,1.0
Malpighia_glabra,Plant,dispersion,Cyanocorax_morio,Seed dispersal,dispersion,1.0
Malpighia_glabra,Plant,dispersion,Tyrannus_forficatus,Seed dispersal,dispersion,1.0
Malpighia_glabra,Plant,dispersion,Empidonax_sp2,Seed dispersal,dispersion,1.0
Malpighia_glabra,Plant,dispersion,Icterus_galbula,Seed dispersal,dispersion,1.0
Malpighia_glabra,Plant,dispersion,Icteria_virens,Seed dispersal,dispersion,1.0
Malpighia_glabra,Plant,dispersion,Tyrannus_couchii,Seed dispersal,dispersion,1.0
Malpighia_glabra,Plant,dispersion,Empidonax_sp1,Seed dispersal,dispersion,1.0
Malpighia_glabra,Plant,dispersion,Dendroica_sp1,Seed dispersal,dispersion,1.0
Malpighia_glabra,Plant,dispersion,Myiarchus_tuberculifer,Seed dispersal,dispersion,1.0
Randia_laetevirens,Plant,dispersion,Cyanocorax_morio,Seed dispersal,dispersion,1.0
Randia_laetevirens,Plant,dispersion,Ortalis_vetula,Seed dispersal,dispersion,1.0
Randia_laetevirens,Plant,dispersion,Mimus_polyglottos,Seed dispersal,dispersion,1.0
Randia_laetevirens,Plant,dispersion,Icteria_virens,Seed dispersal,dispersion,1.0
Sabal_mexicana,Plant,dispersion,Cyanocorax_morio,Seed dispersal,dispersion,1.0
Vitis_biformis,Plant,dispersion,Cyanocorax_morio,Seed dispersal,dispersion,1.0
Vitis_biformis,Plant,dispersion,Psarocolius_montezuma,Seed dispersal,dispersion,1.0
Guettarda_elliptica,Plant,dispersion,Ortalis_vetula,Seed dispersal,dispersion,1.0
Turnefortia_hirsutissima,Plant,dispersion,Ortalis_vetula,Seed dispersal,dispersion,1.0
Celtis_caudata,Plant,dispersion,Myiozetetes_similis,Seed dispersal,dispersion,1.0
Celtis_caudata,Plant,dispersion,Pitangus_sulphuratus,Seed dispersal,dispersion,1.0
Celtis_caudata,Plant,dispersion,Icterus_gularis,Seed dispersal,dispersion,1.0
Celtis_caudata,Plant,dispersion,Turdus_grayi,Seed dispersal,dispersion,1.0
Celtis_caudata,Plant,dispersion,Tyrannus_vociferans,Seed dispersal,dispersion,1.0
Pithecellobium_calistachys,Plant,dispersion,Myiozetetes_similis,Seed dispersal,dispersion,1.0
Rourea_glabra,Plant,dispersion,Myiozetetes_similis,Seed dispersal,dispersion,1.0
Rourea_glabra,Plant,dispersion,Pitangus_sulphuratus,Seed dispersal,dispersion,1.0
Coccoloba_barbadensis,Plant,dispersion,Psarocolius_montezuma,Seed dispersal,dispersion,1.0
Coccoloba_barbadensis,Plant,dispersion,Tyrannus_forficatus,Seed dispersal,dispersion,1.0
Coccoloba_barbadensis,Plant,dispersion,Thraupis_episcopus,Seed dispersal,dispersion,1.0
Coccoloba_barbadensis,Plant,dispersion,Thraupis_episcopus2,Seed dispersal,dispersion,1.0
Coccoloba_barbadensis,Plant,dispersion,Passerina_versicolor,Seed dispersal,dispersion,1.0
Bursera_fagaroides,Plant,dispersion,Tyrannus_forficatus,Seed dispersal,dispersion,1.0
Bursera_fagaroides,Plant,dispersion,Dumetella_carolinensis,Seed dispersal,dispersion,1.0
Bursera_fagaroides,Plant,dispersion,Empidonax_trailli,Seed dispersal,dispersion,1.0
Bursera_fagaroides,Plant,dispersion,Vireo_olivaceus,Seed dispersal,dispersion,1.0
Bursera_fagaroides,Plant,dispersion,Empidonax_sp2,Seed dispersal,dispersion,1.0
Bursera_fagaroides,Plant,dispersion,Myiarchus_cinerascens,Seed dispersal,dispersion,1.0
Tyrannus_forficatus,Seed dispersal,dispersion,Bursera_fagaroides,Plant,dispersion,1.0
Tyrannus_forficatus,Seed dispersal,dispersion,Bursera_simaruba,Plant,dispersion,1.0
Tyrannus_forficatus,Seed dispersal,dispersion,Chioccoca_alba,Plant,dispersion,1.0
Tyrannus_forficatus,Seed dispersal,dispersion,Coccoloba_barbadensis,Plant,dispersion,1.0
Tyrannus_forficatus,Seed dispersal,dispersion,Eugenia_acapulcensis,Plant,dispersion,1.0
Tyrannus_forficatus,Seed dispersal,dispersion,Ficus_cotinifolia,Plant,dispersion,1.0
Tyrannus_forficatus,Seed dispersal,dispersion,Malpighia_glabra,Plant,dispersion,1.0
Dumetella_carolinensis,Seed dispersal,dispersion,Bursera_fagaroides,Plant,dispersion,1.0
Dumetella_carolinensis,Seed dispersal,dispersion,Chioccoca_alba,Plant,dispersion,1.0
Dumetella_carolinensis,Seed dispersal,dispersion,Cupania_dentata,Plant,dispersion,1.0
Dumetella_carolinensis,Seed dispersal,dispersion,Ficus_cotinifolia,Plant,dispersion,1.0
Dumetella_carolinensis,Seed dispersal,dispersion,Karwinskia_humboldtiana,Plant,dispersion,1.0
Empidonax_trailli,Seed dispersal,dispersion,Bursera_fagaroides,Plant,dispersion,1.0
Empidonax_trailli,Seed dispersal,dispersion,Conyza_sp1,Plant,dispersion,1.0
Empidonax_trailli,Seed dispersal,dispersion,Psychotria_erythrocapa,Plant,dispersion,1.0
Empidonax_trailli,Seed dispersal,dispersion,Stemmedenia_galeotiana,Plant,dispersion,1.0
Empidonax_trailli,Seed dispersal,dispersion,Tabernamontana_alba,Plant,dispersion,1.0
Vireo_olivaceus,Seed dispersal,dispersion,Bursera_fagaroides,Plant,dispersion,1.0
Vireo_olivaceus,Seed dispersal,dispersion,Bursera_simaruba,Plant,dispersion,1.0
Empidonax_sp2,Seed dispersal,dispersion,Bursera_fagaroides,Plant,dispersion,1.0
Empidonax_sp2,Seed dispersal,dispersion,Malpighia_glabra,Plant,dispersion,1.0
Myiarchus_cinerascens,Seed dispersal,dispersion,Bursera_fagaroides,Plant,dispersion,1.0
Chioccoca_alba,Plant,dispersion,Tyrannus_forficatus,Seed dispersal,dispersion,1.0
Chioccoca_alba,Plant,dispersion,Dumetella_carolinensis,Seed dispersal,dispersion,1.0
Eugenia_acapulcensis,Plant,dispersion,Tyrannus_forficatus,Seed dispersal,dispersion,1.0
Cupania_dentata,Plant,dispersion,Dumetella_carolinensis,Seed dispersal,dispersion,1.0
Cupania_dentata,Plant,dispersion,Icterus_galbula,Seed dispersal,dispersion,1.0
Cupania_dentata,Plant,dispersion,Turdus_grayi,Seed dispersal,dispersion,1.0
Cupania_dentata,Plant,dispersion,Mimus_polyglottos,Seed dispersal,dispersion,1.0
Karwinskia_humboldtiana,Plant,dispersion,Dumetella_carolinensis,Seed dispersal,dispersion,1.0
Karwinskia_humboldtiana,Plant,dispersion,Tyrannus_verticalis,Seed dispersal,dispersion,1.0
Karwinskia_humboldtiana,Plant,dispersion,Mimus_polyglottos,Seed dispersal,dispersion,1.0
Karwinskia_humboldtiana,Plant,dispersion,Bombycilla_cedrorum,Seed dispersal,dispersion,1.0
Conyza_sp1,Plant,dispersion,Empidonax_trailli,Seed dispersal,dispersion,1.0
Conyza_sp1,Plant,dispersion,Anthus_spragueii,Seed dispersal,dispersion,1.0
Psychotria_erythrocapa,Plant,dispersion,Empidonax_trailli,Seed dispersal,dispersion,1.0
Psychotria_erythrocapa,Plant,dispersion,Myiarchus_crinitus,Seed dispersal,dispersion,1.0
Psychotria_erythrocapa,Plant,dispersion,Tyrannus_verticalis,Seed dispersal,dispersion,1.0
Psychotria_erythrocapa,Plant,dispersion,Icteria_virens,Seed dispersal,dispersion,1.0
Psychotria_erythrocapa,Plant,dispersion,Tyrannus_couchii,Seed dispersal,dispersion,1.0
Psychotria_erythrocapa,Plant,dispersion,Empidonax_sp1,Seed dispersal,dispersion,1.0
Psychotria_erythrocapa,Plant,dispersion,Dendroica_sp1,Seed dispersal,dispersion,1.0
Stemmedenia_galeotiana,Plant,dispersion,Empidonax_trailli,Seed dispersal,dispersion,1.0
Stemmedenia_galeotiana,Plant,dispersion,Myiarchus_crinitus,Seed dispersal,dispersion,1.0
Stemmedenia_galeotiana,Plant,dispersion,Cardinalis_cardinalis,Seed dispersal,dispersion,1.0
Tabernamontana_alba,Plant,dispersion,Empidonax_trailli,Seed dispersal,dispersion,1.0
Tabernamontana_alba,Plant,dispersion,Myiarchus_crinitus,Seed dispersal,dispersion,1.0
Tabernamontana_alba,Plant,dispersion,Cardinalis_cardinalis,Seed dispersal,dispersion,1.0
Myiarchus_crinitus,Seed dispersal,dispersion,Bursera_simaruba,Plant,dispersion,1.0
Myiarchus_crinitus,Seed dispersal,dispersion,Psychotria_erythrocapa,Plant,dispersion,1.0
Myiarchus_crinitus,Seed dispersal,dispersion,Stemmedenia_galeotiana,Plant,dispersion,1.0
Myiarchus_crinitus,Seed dispersal,dispersion,Tabernamontana_alba,Plant,dispersion,1.0
Icterus_galbula,Seed dispersal,dispersion,Bursera_simaruba,Plant,dispersion,1.0
Icterus_galbula,Seed dispersal,dispersion,Cupania_dentata,Plant,dispersion,1.0
Icterus_galbula,Seed dispersal,dispersion,Ficus_cotinifolia,Plant,dispersion,1.0
Icterus_galbula,Seed dispersal,dispersion,Malpighia_glabra,Plant,dispersion,1.0
Tyrannus_verticalis,Seed dispersal,dispersion,Bursera_simaruba,Plant,dispersion,1.0
Tyrannus_verticalis,Seed dispersal,dispersion,Karwinskia_humboldtiana,Plant,dispersion,1.0
Tyrannus_verticalis,Seed dispersal,dispersion,Psychotria_erythrocapa,Plant,dispersion,1.0
Trogon_melanocephalus,Seed dispersal,dispersion,Bursera_simaruba,Plant,dispersion,1.0
Trogon_melanocephalus,Seed dispersal,dispersion,Ficus_cotinifolia,Plant,dispersion,1.0
Tityra_semifasciata,Seed dispersal,dispersion,Bursera_simaruba,Plant,dispersion,1.0
Tityra_semifasciata,Seed dispersal,dispersion,Ficus_cotinifolia,Plant,dispersion,1.0
Piranga_ludoviciana,Seed dispersal,dispersion,Bursera_simaruba,Plant,dispersion,1.0
Piranga_ludoviciana,Seed dispersal,dispersion,Ficus_cotinifolia,Plant,dispersion,1.0
Piranga_olivacea,Seed dispersal,dispersion,Bursera_simaruba,Plant,dispersion,1.0
Piranga_olivacea,Seed dispersal,dispersion,Ficus_cotinifolia,Plant,dispersion,1.0
Piranga_rubra,Seed dispersal,dispersion,Bursera_simaruba,Plant,dispersion,1.0
Piranga_rubra,Seed dispersal,dispersion,Ficus_cotinifolia,Plant,dispersion,1.0
Icterus_cucullatus,Seed dispersal,dispersion,Bursera_simaruba,Plant,dispersion,1.0
Icterus_cucullatus,Seed dispersal,dispersion,Ficus_cotinifolia,Plant,dispersion,1.0
Myiarchus_tyrannulus,Seed dispersal,dispersion,Bursera_simaruba,Plant,dispersion,1.0
Vireo_solitarius,Seed dispersal,dispersion,Bursera_simaruba,Plant,dispersion,1.0
Turdus_grayi,Seed dispersal,dispersion,Celtis_caudata,Plant,dispersion,1.0
Turdus_grayi,Seed dispersal,dispersion,Cupania_dentata,Plant,dispersion,1.0
Turdus_grayi,Seed dispersal,dispersion,Dendropanax_arboreus,Plant,dispersion,1.0
Turdus_grayi,Seed dispersal,dispersion,Ficus_cotinifolia,Plant,dispersion,1.0
Tyrannus_vociferans,Seed dispersal,dispersion,Celtis_caudata,Plant,dispersion,1.0
Thraupis_episcopus,Seed dispersal,dispersion,Coccoloba_barbadensis,Plant,dispersion,1.0
Thraupis_episcopus,Seed dispersal,dispersion,Dendropanax_arboreus,Plant,dispersion,1.0
Thraupis_episcopus,Seed dispersal,dispersion,Ficus_cotinifolia,Plant,dispersion,1.0
Thraupis_episcopus2,Seed dispersal,dispersion,Coccoloba_barbadensis,Plant,dispersion,1.0
Thraupis_episcopus2,Seed dispersal,dispersion,Ficus_cotinifolia,Plant,dispersion,1.0
Passerina_versicolor,Seed dispersal,dispersion,Coccoloba_barbadensis,Plant,dispersion,1.0
Combretum_sp1,Plant,dispersion,Vermivora_celata,Seed dispersal,dispersion,1.0
Vermivora_celata,Seed dispersal,dispersion,Combretum_sp1,Plant,dispersion,1.0
Anthus_spragueii,Seed dispersal,dispersion,Conyza_sp1,Plant,dispersion,1.0
Mimus_polyglottos,Seed dispersal,dispersion,Cupania_dentata,Plant,dispersion,1.0
Mimus_polyglottos,Seed dispersal,dispersion,Karwinskia_humboldtiana,Plant,dispersion,1.0
Mimus_polyglottos,Seed dispersal,dispersion,Phoradendron_tamaulipensis,Plant,dispersion,1.0
Mimus_polyglottos,Seed dispersal,dispersion,Randia_laetevirens,Plant,dispersion,1.0
Phoradendron_tamaulipensis,Plant,dispersion,Mimus_polyglottos,Seed dispersal,dispersion,1.0
Bombycilla_cedrorum,Seed dispersal,dispersion,Ficus_cotinifolia,Plant,dispersion,1.0
Bombycilla_cedrorum,Seed dispersal,dispersion,Karwinskia_humboldtiana,Plant,dispersion,1.0
Tyrannus_melancholicus,Seed dispersal,dispersion,Ficus_cotinifolia,Plant,dispersion,1.0
Quiscalus_mexicanus,Seed dispersal,dispersion,Ficus_cotinifolia,Plant,dispersion,1.0
Icterus_spurius,Seed dispersal,dispersion,Ficus_cotinifolia,Plant,dispersion,1.0
Piranga_bidentata,Seed dispersal,dispersion,Ficus_cotinifolia,Plant,dispersion,1.0
Momotus_momota,Seed dispersal,dispersion,Ficus_cotinifolia,Plant,dispersion,1.0
Icteria_virens,Seed dispersal,dispersion,Malpighia_glabra,Plant,dispersion,1.0
Icteria_virens,Seed dispersal,dispersion,Psychotria_erythrocapa,Plant,dispersion,1.0
Icteria_virens,Seed dispersal,dispersion,Randia_laetevirens,Plant,dispersion,1.0
Tyrannus_couchii,Seed dispersal,dispersion,Malpighia_glabra,Plant,dispersion,1.0
Tyrannus_couchii,Seed dispersal,dispersion,Psychotria_erythrocapa,Plant,dispersion,1.0
Empidonax_sp1,Seed dispersal,dispersion,Malpighia_glabra,Plant,dispersion,1.0
Empidonax_sp1,Seed dispersal,dispersion,Psychotria_erythrocapa,Plant,dispersion,1.0
Dendroica_sp1,Seed dispersal,dispersion,Malpighia_glabra,Plant,dispersion,1.0
Dendroica_sp1,Seed dispersal,dispersion,Psychotria_erythrocapa,Plant,dispersion,1.0
Myiarchus_tuberculifer,Seed dispersal,dispersion,Malpighia_glabra,Plant,dispersion,1.0
Cardinalis_cardinalis,Seed dispersal,dispersion,Stemmedenia_galeotiana,Plant,dispersion,1.0
Cardinalis_cardinalis,Seed dispersal,dispersion,Tabernamontana_alba,Plant,dispersion,1.0
