Pistacialentiscus,Plant,dispersion,Sylviaatricapilla,Disperser,dispersion,1
Pistacialentiscus,Plant,dispersion,Sylviaborin,Disperser,dispersion,1
Pistacialentiscus,Plant,dispersion,Erithacusrubecula,Disperser,dispersion,1
Pistacialentiscus,Plant,dispersion,Sylviamelanocephala,Disperser,dispersion,1
Pistacialentiscus,Plant,dispersion,Turdusmerula,Disperser,dispersion,1
Pistacialentiscus,Plant,dispersion,Turdusphilomelos,Disperser,dispersion,1
Pistacialentiscus,Plant,dispersion,Sylviahortensis,Disperser,dispersion,1
Pistacialentiscus,Plant,dispersion,Sylviacantillans,Disperser,dispersion,1
Pistacialentiscus,Plant,dispersion,Ficedulahypoleuca,Disperser,dispersion,1
Pistacialentiscus,Plant,dispersion,Phoenicurusphoenicurus,Disperser,dispersion,1
Pistacialentiscus,Plant,dispersion,Sylviaundata,Disperser,dispersion,1
Pistacialentiscus,Plant,dispersion,Lusciniamegarhynchos,Disperser,dispersion,1
Pistacialentiscus,Plant,dispersion,Muscicapastriata,Disperser,dispersion,1
Pistacialentiscus,Plant,dispersion,Sturnussp.,Disperser,dispersion,1
Pistacialentiscus,Plant,dispersion,Cyanopicacyanus,Disperser,dispersion,1
Pistacialentiscus,Plant,dispersion,Carduelischloris,Disperser,dispersion,1
Sylviaatricapilla,Disperser,dispersion,Pistacialentiscus,Plant,dispersion,1
Sylviaatricapilla,Disperser,dispersion,Oleaeuropaeavar.sylvestris,Plant,dispersion,1
Sylviaatricapilla,Disperser,dispersion,Phillyreaangustifolia,Plant,dispersion,1
Sylviaatricapilla,Disperser,dispersion,Rhamnuslycioides,Plant,dispersion,1
Sylviaatricapilla,Disperser,dispersion,Smilaxaspera,Plant,dispersion,1
Sylviaatricapilla,Disperser,dispersion,Rubusulmifolius,Plant,dispersion,1
Sylviaatricapilla,Disperser,dispersion,Myrtuscommunis,Plant,dispersion,1
Sylviaatricapilla,Disperser,dispersion,Daphnegnidium,Plant,dispersion,1
Sylviaatricapilla,Disperser,dispersion,Rubiaperegrina,Plant,dispersion,1
Sylviaatricapilla,Disperser,dispersion,Osyrisalba,Plant,dispersion,1
Sylviaatricapilla,Disperser,dispersion,Crataegusmonogyna,Plant,dispersion,1
Sylviaatricapilla,Disperser,dispersion,Lonicerapericlymenum,Plant,dispersion,1
Sylviaatricapilla,Disperser,dispersion,Asparagusaphyllus,Plant,dispersion,1
Sylviaatricapilla,Disperser,dispersion,Pyrusbourgaeana,Plant,dispersion,1
Sylviaborin,Disperser,dispersion,Pistacialentiscus,Plant,dispersion,1
Sylviaborin,Disperser,dispersion,Oleaeuropaeavar.sylvestris,Plant,dispersion,1
Sylviaborin,Disperser,dispersion,Phillyreaangustifolia,Plant,dispersion,1
Sylviaborin,Disperser,dispersion,Rhamnuslycioides,Plant,dispersion,1
Sylviaborin,Disperser,dispersion,Smilaxaspera,Plant,dispersion,1
Sylviaborin,Disperser,dispersion,Rubusulmifolius,Plant,dispersion,1
Sylviaborin,Disperser,dispersion,Daphnegnidium,Plant,dispersion,1
Sylviaborin,Disperser,dispersion,Rubiaperegrina,Plant,dispersion,1
Sylviaborin,Disperser,dispersion,Osyrisalba,Plant,dispersion,1
Sylviaborin,Disperser,dispersion,Lonicerapericlymenum,Plant,dispersion,1
Sylviaborin,Disperser,dispersion,Asparagusaphyllus,Plant,dispersion,1
Sylviaborin,Disperser,dispersion,Tamuscommunis,Plant,dispersion,1
Erithacusrubecula,Disperser,dispersion,Pistacialentiscus,Plant,dispersion,1
Erithacusrubecula,Disperser,dispersion,Oleaeuropaeavar.sylvestris,Plant,dispersion,1
Erithacusrubecula,Disperser,dispersion,Phillyreaangustifolia,Plant,dispersion,1
Erithacusrubecula,Disperser,dispersion,Rhamnuslycioides,Plant,dispersion,1
Erithacusrubecula,Disperser,dispersion,Smilaxaspera,Plant,dispersion,1
Erithacusrubecula,Disperser,dispersion,Rubusulmifolius,Plant,dispersion,1
Erithacusrubecula,Disperser,dispersion,Myrtuscommunis,Plant,dispersion,1
Erithacusrubecula,Disperser,dispersion,Daphnegnidium,Plant,dispersion,1
Erithacusrubecula,Disperser,dispersion,Asparagusaphyllus,Plant,dispersion,1
Sylviamelanocephala,Disperser,dispersion,Pistacialentiscus,Plant,dispersion,1
Sylviamelanocephala,Disperser,dispersion,Oleaeuropaeavar.sylvestris,Plant,dispersion,1
Sylviamelanocephala,Disperser,dispersion,Phillyreaangustifolia,Plant,dispersion,1
Sylviamelanocephala,Disperser,dispersion,Rhamnuslycioides,Plant,dispersion,1
Sylviamelanocephala,Disperser,dispersion,Smilaxaspera,Plant,dispersion,1
Sylviamelanocephala,Disperser,dispersion,Rubusulmifolius,Plant,dispersion,1
Sylviamelanocephala,Disperser,dispersion,Myrtuscommunis,Plant,dispersion,1
Sylviamelanocephala,Disperser,dispersion,Daphnegnidium,Plant,dispersion,1
Sylviamelanocephala,Disperser,dispersion,Osyrisalba,Plant,dispersion,1
Sylviamelanocephala,Disperser,dispersion,Lonicerapericlymenum,Plant,dispersion,1
Sylviamelanocephala,Disperser,dispersion,Asparagusaphyllus,Plant,dispersion,1
Sylviamelanocephala,Disperser,dispersion,Tamuscommunis,Plant,dispersion,1
Turdusmerula,Disperser,dispersion,Pistacialentiscus,Plant,dispersion,1
Turdusmerula,Disperser,dispersion,Oleaeuropaeavar.sylvestris,Plant,dispersion,1
Turdusmerula,Disperser,dispersion,Phillyreaangustifolia,Plant,dispersion,1
Turdusmerula,Disperser,dispersion,Rhamnuslycioides,Plant,dispersion,1
Turdusmerula,Disperser,dispersion,Smilaxaspera,Plant,dispersion,1
Turdusmerula,Disperser,dispersion,Rubusulmifolius,Plant,dispersion,1
Turdusmerula,Disperser,dispersion,Myrtuscommunis,Plant,dispersion,1
Turdusmerula,Disperser,dispersion,Rubiaperegrina,Plant,dispersion,1
Turdusmerula,Disperser,dispersion,Crataegusmonogyna,Plant,dispersion,1
Turdusmerula,Disperser,dispersion,Lonicerapericlymenum,Plant,dispersion,1
Turdusmerula,Disperser,dispersion,Asparagusaphyllus,Plant,dispersion,1
Turdusmerula,Disperser,dispersion,Tamuscommunis,Plant,dispersion,1
Turdusphilomelos,Disperser,dispersion,Pistacialentiscus,Plant,dispersion,1
Turdusphilomelos,Disperser,dispersion,Oleaeuropaeavar.sylvestris,Plant,dispersion,1
Turdusphilomelos,Disperser,dispersion,Phillyreaangustifolia,Plant,dispersion,1
Turdusphilomelos,Disperser,dispersion,Myrtuscommunis,Plant,dispersion,1
Turdusphilomelos,Disperser,dispersion,Crataegusmonogyna,Plant,dispersion,1
Sylviahortensis,Disperser,dispersion,Pistacialentiscus,Plant,dispersion,1
Sylviahortensis,Disperser,dispersion,Phillyreaangustifolia,Plant,dispersion,1
Sylviahortensis,Disperser,dispersion,Smilaxaspera,Plant,dispersion,1
Sylviahortensis,Disperser,dispersion,Rubusulmifolius,Plant,dispersion,1
Sylviacantillans,Disperser,dispersion,Pistacialentiscus,Plant,dispersion,1
Sylviacantillans,Disperser,dispersion,Phillyreaangustifolia,Plant,dispersion,1
Sylviacantillans,Disperser,dispersion,Rhamnuslycioides,Plant,dispersion,1
Sylviacantillans,Disperser,dispersion,Rubusulmifolius,Plant,dispersion,1
Sylviacantillans,Disperser,dispersion,Myrtuscommunis,Plant,dispersion,1
Sylviacantillans,Disperser,dispersion,Daphnegnidium,Plant,dispersion,1
Sylviacantillans,Disperser,dispersion,Lonicerapericlymenum,Plant,dispersion,1
Ficedulahypoleuca,Disperser,dispersion,Pistacialentiscus,Plant,dispersion,1
Ficedulahypoleuca,Disperser,dispersion,Phillyreaangustifolia,Plant,dispersion,1
Ficedulahypoleuca,Disperser,dispersion,Rhamnuslycioides,Plant,dispersion,1
Ficedulahypoleuca,Disperser,dispersion,Smilaxaspera,Plant,dispersion,1
Phoenicurusphoenicurus,Disperser,dispersion,Pistacialentiscus,Plant,dispersion,1
Phoenicurusphoenicurus,Disperser,dispersion,Rhamnuslycioides,Plant,dispersion,1
Phoenicurusphoenicurus,Disperser,dispersion,Rubusulmifolius,Plant,dispersion,1
Phoenicurusphoenicurus,Disperser,dispersion,Daphnegnidium,Plant,dispersion,1
Sylviaundata,Disperser,dispersion,Pistacialentiscus,Plant,dispersion,1
Sylviaundata,Disperser,dispersion,Myrtuscommunis,Plant,dispersion,1
Lusciniamegarhynchos,Disperser,dispersion,Pistacialentiscus,Plant,dispersion,1
Lusciniamegarhynchos,Disperser,dispersion,Rhamnuslycioides,Plant,dispersion,1
Lusciniamegarhynchos,Disperser,dispersion,Rubusulmifolius,Plant,dispersion,1
Muscicapastriata,Disperser,dispersion,Pistacialentiscus,Plant,dispersion,1
Muscicapastriata,Disperser,dispersion,Rhamnuslycioides,Plant,dispersion,1
Muscicapastriata,Disperser,dispersion,Rubusulmifolius,Plant,dispersion,1
Sturnussp.,Disperser,dispersion,Pistacialentiscus,Plant,dispersion,1
Sturnussp.,Disperser,dispersion,Oleaeuropaeavar.sylvestris,Plant,dispersion,1
Sturnussp.,Disperser,dispersion,Myrtuscommunis,Plant,dispersion,1
Sturnussp.,Disperser,dispersion,Crataegusmonogyna,Plant,dispersion,1
Cyanopicacyanus,Disperser,dispersion,Pistacialentiscus,Plant,dispersion,1
Cyanopicacyanus,Disperser,dispersion,Oleaeuropaeavar.sylvestris,Plant,dispersion,1
Cyanopicacyanus,Disperser,dispersion,Rubusulmifolius,Plant,dispersion,1
Cyanopicacyanus,Disperser,dispersion,Tamuscommunis,Plant,dispersion,1
Carduelischloris,Disperser,dispersion,Pistacialentiscus,Plant,dispersion,1
Carduelischloris,Disperser,dispersion,Oleaeuropaeavar.sylvestris,Plant,dispersion,1
Carduelischloris,Disperser,dispersion,Phillyreaangustifolia,Plant,dispersion,1
Carduelischloris,Disperser,dispersion,Rhamnuslycioides,Plant,dispersion,1
Carduelischloris,Disperser,dispersion,Rubusulmifolius,Plant,dispersion,1
Oleaeuropaeavar.sylvestris,Plant,dispersion,Sylviaatricapilla,Disperser,dispersion,1
Oleaeuropaeavar.sylvestris,Plant,dispersion,Sylviaborin,Disperser,dispersion,1
Oleaeuropaeavar.sylvestris,Plant,dispersion,Erithacusrubecula,Disperser,dispersion,1
Oleaeuropaeavar.sylvestris,Plant,dispersion,Sylviamelanocephala,Disperser,dispersion,1
Oleaeuropaeavar.sylvestris,Plant,dispersion,Turdusmerula,Disperser,dispersion,1
Oleaeuropaeavar.sylvestris,Plant,dispersion,Turdusphilomelos,Disperser,dispersion,1
Oleaeuropaeavar.sylvestris,Plant,dispersion,Sturnussp.,Disperser,dispersion,1
Oleaeuropaeavar.sylvestris,Plant,dispersion,Cyanopicacyanus,Disperser,dispersion,1
Oleaeuropaeavar.sylvestris,Plant,dispersion,Carduelischloris,Disperser,dispersion,1
Oleaeuropaeavar.sylvestris,Plant,dispersion,Vulpesvulpes(Zorro),Disperser,dispersion,1
Phillyreaangustifolia,Plant,dispersion,Sylviaatricapilla,Disperser,dispersion,1
Phillyreaangustifolia,Plant,dispersion,Sylviaborin,Disperser,dispersion,1
Phillyreaangustifolia,Plant,dispersion,Erithacusrubecula,Disperser,dispersion,1
Phillyreaangustifolia,Plant,dispersion,Sylviamelanocephala,Disperser,dispersion,1
Phillyreaangustifolia,Plant,dispersion,Turdusmerula,Disperser,dispersion,1
Phillyreaangustifolia,Plant,dispersion,Turdusphilomelos,Disperser,dispersion,1
Phillyreaangustifolia,Plant,dispersion,Sylviacommunis,Disperser,dispersion,1
Phillyreaangustifolia,Plant,dispersion,Sylviahortensis,Disperser,dispersion,1
Phillyreaangustifolia,Plant,dispersion,Sylviacantillans,Disperser,dispersion,1
Phillyreaangustifolia,Plant,dispersion,Ficedulahypoleuca,Disperser,dispersion,1
Phillyreaangustifolia,Plant,dispersion,Carduelischloris,Disperser,dispersion,1
Phillyreaangustifolia,Plant,dispersion,Melesmeles(Tejon),Disperser,dispersion,1
Rhamnuslycioides,Plant,dispersion,Sylviaatricapilla,Disperser,dispersion,1
Rhamnuslycioides,Plant,dispersion,Sylviaborin,Disperser,dispersion,1
Rhamnuslycioides,Plant,dispersion,Erithacusrubecula,Disperser,dispersion,1
Rhamnuslycioides,Plant,dispersion,Sylviamelanocephala,Disperser,dispersion,1
Rhamnuslycioides,Plant,dispersion,Turdusmerula,Disperser,dispersion,1
Rhamnuslycioides,Plant,dispersion,Sylviacommunis,Disperser,dispersion,1
Rhamnuslycioides,Plant,dispersion,Sylviacantillans,Disperser,dispersion,1
Rhamnuslycioides,Plant,dispersion,Ficedulahypoleuca,Disperser,dispersion,1
Rhamnuslycioides,Plant,dispersion,Phoenicurusphoenicurus,Disperser,dispersion,1
Rhamnuslycioides,Plant,dispersion,Lusciniamegarhynchos,Disperser,dispersion,1
Rhamnuslycioides,Plant,dispersion,Muscicapastriata,Disperser,dispersion,1
Rhamnuslycioides,Plant,dispersion,Carduelischloris,Disperser,dispersion,1
Smilaxaspera,Plant,dispersion,Sylviaatricapilla,Disperser,dispersion,1
Smilaxaspera,Plant,dispersion,Sylviaborin,Disperser,dispersion,1
Smilaxaspera,Plant,dispersion,Erithacusrubecula,Disperser,dispersion,1
Smilaxaspera,Plant,dispersion,Sylviamelanocephala,Disperser,dispersion,1
Smilaxaspera,Plant,dispersion,Turdusmerula,Disperser,dispersion,1
Smilaxaspera,Plant,dispersion,Sylviahortensis,Disperser,dispersion,1
Smilaxaspera,Plant,dispersion,Ficedulahypoleuca,Disperser,dispersion,1
Rubusulmifolius,Plant,dispersion,Sylviaatricapilla,Disperser,dispersion,1
Rubusulmifolius,Plant,dispersion,Sylviaborin,Disperser,dispersion,1
Rubusulmifolius,Plant,dispersion,Erithacusrubecula,Disperser,dispersion,1
Rubusulmifolius,Plant,dispersion,Sylviamelanocephala,Disperser,dispersion,1
Rubusulmifolius,Plant,dispersion,Turdusmerula,Disperser,dispersion,1
Rubusulmifolius,Plant,dispersion,Sylviacommunis,Disperser,dispersion,1
Rubusulmifolius,Plant,dispersion,Sylviahortensis,Disperser,dispersion,1
Rubusulmifolius,Plant,dispersion,Sylviacantillans,Disperser,dispersion,1
Rubusulmifolius,Plant,dispersion,Phoenicurusphoenicurus,Disperser,dispersion,1
Rubusulmifolius,Plant,dispersion,Lusciniamegarhynchos,Disperser,dispersion,1
Rubusulmifolius,Plant,dispersion,Muscicapastriata,Disperser,dispersion,1
Rubusulmifolius,Plant,dispersion,Cyanopicacyanus,Disperser,dispersion,1
Rubusulmifolius,Plant,dispersion,Carduelischloris,Disperser,dispersion,1
Rubusulmifolius,Plant,dispersion,Vulpesvulpes(Zorro),Disperser,dispersion,1
Rubusulmifolius,Plant,dispersion,Eliomysquercinussubsp.lusitanicus(lironcareto),Disperser,dispersion,1
Rubusulmifolius,Plant,dispersion,Melesmeles(Tejon),Disperser,dispersion,1
Rubusulmifolius,Plant,dispersion,Testudograeca(Tortugamora),Disperser,dispersion,1
Myrtuscommunis,Plant,dispersion,Sylviaatricapilla,Disperser,dispersion,1
Myrtuscommunis,Plant,dispersion,Erithacusrubecula,Disperser,dispersion,1
Myrtuscommunis,Plant,dispersion,Sylviamelanocephala,Disperser,dispersion,1
Myrtuscommunis,Plant,dispersion,Turdusmerula,Disperser,dispersion,1
Myrtuscommunis,Plant,dispersion,Turdusphilomelos,Disperser,dispersion,1
Myrtuscommunis,Plant,dispersion,Sylviacantillans,Disperser,dispersion,1
Myrtuscommunis,Plant,dispersion,Sylviaundata,Disperser,dispersion,1
Myrtuscommunis,Plant,dispersion,Sturnussp.,Disperser,dispersion,1
Daphnegnidium,Plant,dispersion,Sylviaatricapilla,Disperser,dispersion,1
Daphnegnidium,Plant,dispersion,Sylviaborin,Disperser,dispersion,1
Daphnegnidium,Plant,dispersion,Erithacusrubecula,Disperser,dispersion,1
Daphnegnidium,Plant,dispersion,Sylviamelanocephala,Disperser,dispersion,1
Daphnegnidium,Plant,dispersion,Sylviacommunis,Disperser,dispersion,1
Daphnegnidium,Plant,dispersion,Sylviacantillans,Disperser,dispersion,1
Daphnegnidium,Plant,dispersion,Phoenicurusphoenicurus,Disperser,dispersion,1
Rubiaperegrina,Plant,dispersion,Sylviaatricapilla,Disperser,dispersion,1
Rubiaperegrina,Plant,dispersion,Sylviaborin,Disperser,dispersion,1
Rubiaperegrina,Plant,dispersion,Turdusmerula,Disperser,dispersion,1
Osyrisalba,Plant,dispersion,Sylviaatricapilla,Disperser,dispersion,1
Osyrisalba,Plant,dispersion,Sylviaborin,Disperser,dispersion,1
Osyrisalba,Plant,dispersion,Sylviamelanocephala,Disperser,dispersion,1
Crataegusmonogyna,Plant,dispersion,Sylviaatricapilla,Disperser,dispersion,1
Crataegusmonogyna,Plant,dispersion,Turdusmerula,Disperser,dispersion,1
Crataegusmonogyna,Plant,dispersion,Turdusphilomelos,Disperser,dispersion,1
Crataegusmonogyna,Plant,dispersion,Sturnussp.,Disperser,dispersion,1
Lonicerapericlymenum,Plant,dispersion,Sylviaatricapilla,Disperser,dispersion,1
Lonicerapericlymenum,Plant,dispersion,Sylviaborin,Disperser,dispersion,1
Lonicerapericlymenum,Plant,dispersion,Sylviamelanocephala,Disperser,dispersion,1
Lonicerapericlymenum,Plant,dispersion,Turdusmerula,Disperser,dispersion,1
Lonicerapericlymenum,Plant,dispersion,Sylviacantillans,Disperser,dispersion,1
Asparagusaphyllus,Plant,dispersion,Sylviaatricapilla,Disperser,dispersion,1
Asparagusaphyllus,Plant,dispersion,Sylviaborin,Disperser,dispersion,1
Asparagusaphyllus,Plant,dispersion,Erithacusrubecula,Disperser,dispersion,1
Asparagusaphyllus,Plant,dispersion,Sylviamelanocephala,Disperser,dispersion,1
Asparagusaphyllus,Plant,dispersion,Turdusmerula,Disperser,dispersion,1
Pyrusbourgaeana,Plant,dispersion,Sylviaatricapilla,Disperser,dispersion,1
Pyrusbourgaeana,Plant,dispersion,Vulpesvulpes(Zorro),Disperser,dispersion,1
Vulpesvulpes(Zorro),Disperser,dispersion,Oleaeuropaeavar.sylvestris,Plant,dispersion,1
Vulpesvulpes(Zorro),Disperser,dispersion,Rubusulmifolius,Plant,dispersion,1
Vulpesvulpes(Zorro),Disperser,dispersion,Pyrusbourgaeana,Plant,dispersion,1
Vulpesvulpes(Zorro),Disperser,dispersion,Chamaeropshumilis,Plant,dispersion,1
Vulpesvulpes(Zorro),Disperser,dispersion,Juniperusphoenicea,Plant,dispersion,1
Vulpesvulpes(Zorro),Disperser,dispersion,Coremaalbum,Plant,dispersion,1
Sylviacommunis,Disperser,dispersion,Phillyreaangustifolia,Plant,dispersion,1
Sylviacommunis,Disperser,dispersion,Rhamnuslycioides,Plant,dispersion,1
Sylviacommunis,Disperser,dispersion,Rubusulmifolius,Plant,dispersion,1
Sylviacommunis,Disperser,dispersion,Daphnegnidium,Plant,dispersion,1
Melesmeles(Tejon),Disperser,dispersion,Phillyreaangustifolia,Plant,dispersion,1
Melesmeles(Tejon),Disperser,dispersion,Rubusulmifolius,Plant,dispersion,1
Melesmeles(Tejon),Disperser,dispersion,Coremaalbum,Plant,dispersion,1
Eliomysquercinussubsp.lusitanicus(lironcareto),Disperser,dispersion,Rubusulmifolius,Plant,dispersion,1
Eliomysquercinussubsp.lusitanicus(lironcareto),Disperser,dispersion,Juniperusphoenicea,Plant,dispersion,1
Testudograeca(Tortugamora),Disperser,dispersion,Rubusulmifolius,Plant,dispersion,1
Testudograeca(Tortugamora),Disperser,dispersion,Silenenocturna,Plant,dispersion,1
Testudograeca(Tortugamora),Disperser,dispersion,Spergulaarvensis,Plant,dispersion,1
Testudograeca(Tortugamora),Disperser,dispersion,Halimiumhalimifolium,Plant,dispersion,1
Testudograeca(Tortugamora),Disperser,dispersion,Carduusmeonanthus,Plant,dispersion,1
Testudograeca(Tortugamora),Disperser,dispersion,Carduussp.,Plant,dispersion,1
Testudograeca(Tortugamora),Disperser,dispersion,Leontodontaraxacoides,Plant,dispersion,1
Testudograeca(Tortugamora),Disperser,dispersion,Malcolmialacera,Plant,dispersion,1
Testudograeca(Tortugamora),Disperser,dispersion,Agrostissp.,Plant,dispersion,1
Testudograeca(Tortugamora),Disperser,dispersion,Anthoxanthumovatum,Plant,dispersion,1
Testudograeca(Tortugamora),Disperser,dispersion,Brizamaxima,Plant,dispersion,1
Testudograeca(Tortugamora),Disperser,dispersion,Brizaminor,Plant,dispersion,1
Testudograeca(Tortugamora),Disperser,dispersion,Bromusmatritensis,Plant,dispersion,1
Testudograeca(Tortugamora),Disperser,dispersion,Corynephorussp.,Plant,dispersion,1
Testudograeca(Tortugamora),Disperser,dispersion,Cynodondactylon,Plant,dispersion,1
Testudograeca(Tortugamora),Disperser,dispersion,Panicumrepens,Plant,dispersion,1
Testudograeca(Tortugamora),Disperser,dispersion,Paspalumsp.,Plant,dispersion,1
Testudograeca(Tortugamora),Disperser,dispersion,Polypogonmaritimus,Plant,dispersion,1
Testudograeca(Tortugamora),Disperser,dispersion,Sporobolussp.,Plant,dispersion,1
Testudograeca(Tortugamora),Disperser,dispersion,Vulpiasp.,Plant,dispersion,1
Testudograeca(Tortugamora),Disperser,dispersion,Juncussp.,Plant,dispersion,1
Testudograeca(Tortugamora),Disperser,dispersion,Scirpussp.,Plant,dispersion,1
Testudograeca(Tortugamora),Disperser,dispersion,Astragaluspelecinus,Plant,dispersion,1
Testudograeca(Tortugamora),Disperser,dispersion,Lotushispidus,Plant,dispersion,1
Testudograeca(Tortugamora),Disperser,dispersion,Ononissp.,Plant,dispersion,1
Testudograeca(Tortugamora),Disperser,dispersion,Ornithopussativus,Plant,dispersion,1
Testudograeca(Tortugamora),Disperser,dispersion,Rumexbucephalophorus,Plant,dispersion,1
Testudograeca(Tortugamora),Disperser,dispersion,Anagallisarvensis,Plant,dispersion,1
Testudograeca(Tortugamora),Disperser,dispersion,Ranunculussardous,Plant,dispersion,1
Testudograeca(Tortugamora),Disperser,dispersion,Ranunculussp.,Plant,dispersion,1
Testudograeca(Tortugamora),Disperser,dispersion,Resedamedia,Plant,dispersion,1
Testudograeca(Tortugamora),Disperser,dispersion,Erodiumcicutarium,Plant,dispersion,1
Testudograeca(Tortugamora),Disperser,dispersion,Andryalaarenaria,Plant,dispersion,1
Testudograeca(Tortugamora),Disperser,dispersion,Chamaemelumfuscatum,Plant,dispersion,1
Tamuscommunis,Plant,dispersion,Sylviaborin,Disperser,dispersion,1
Tamuscommunis,Plant,dispersion,Sylviamelanocephala,Disperser,dispersion,1
Tamuscommunis,Plant,dispersion,Turdusmerula,Disperser,dispersion,1
Tamuscommunis,Plant,dispersion,Cyanopicacyanus,Disperser,dispersion,1
Chamaeropshumilis,Plant,dispersion,Vulpesvulpes(Zorro),Disperser,dispersion,1
Juniperusphoenicea,Plant,dispersion,Vulpesvulpes(Zorro),Disperser,dispersion,1
Juniperusphoenicea,Plant,dispersion,Eliomysquercinussubsp.lusitanicus(lironcareto),Disperser,dispersion,1
Coremaalbum,Plant,dispersion,Vulpesvulpes(Zorro),Disperser,dispersion,1
Coremaalbum,Plant,dispersion,Melesmeles(Tejon),Disperser,dispersion,1
Silenenocturna,Plant,dispersion,Testudograeca(Tortugamora),Disperser,dispersion,1
Spergulaarvensis,Plant,dispersion,Testudograeca(Tortugamora),Disperser,dispersion,1
Halimiumhalimifolium,Plant,dispersion,Testudograeca(Tortugamora),Disperser,dispersion,1
Carduusmeonanthus,Plant,dispersion,Testudograeca(Tortugamora),Disperser,dispersion,1
Carduussp.,Plant,dispersion,Testudograeca(Tortugamora),Disperser,dispersion,1
Leontodontaraxacoides,Plant,dispersion,Testudograeca(Tortugamora),Disperser,dispersion,1
Malcolmialacera,Plant,dispersion,Testudograeca(Tortugamora),Disperser,dispersion,1
Agrostissp.,Plant,dispersion,Testudograeca(Tortugamora),Disperser,dispersion,1
Anthoxanthumovatum,Plant,dispersion,Testudograeca(Tortugamora),Disperser,dispersion,1
Brizamaxima,Plant,dispersion,Testudograeca(Tortugamora),Disperser,dispersion,1
Brizaminor,Plant,dispersion,Testudograeca(Tortugamora),Disperser,dispersion,1
Bromusmatritensis,Plant,dispersion,Testudograeca(Tortugamora),Disperser,dispersion,1
Corynephorussp.,Plant,dispersion,Testudograeca(Tortugamora),Disperser,dispersion,1
Cynodondactylon,Plant,dispersion,Testudograeca(Tortugamora),Disperser,dispersion,1
Panicumrepens,Plant,dispersion,Testudograeca(Tortugamora),Disperser,dispersion,1
Paspalumsp.,Plant,dispersion,Testudograeca(Tortugamora),Disperser,dispersion,1
Polypogonmaritimus,Plant,dispersion,Testudograeca(Tortugamora),Disperser,dispersion,1
Sporobolussp.,Plant,dispersion,Testudograeca(Tortugamora),Disperser,dispersion,1
Vulpiasp.,Plant,dispersion,Testudograeca(Tortugamora),Disperser,dispersion,1
Juncussp.,Plant,dispersion,Testudograeca(Tortugamora),Disperser,dispersion,1
Scirpussp.,Plant,dispersion,Testudograeca(Tortugamora),Disperser,dispersion,1
Astragaluspelecinus,Plant,dispersion,Testudograeca(Tortugamora),Disperser,dispersion,1
Lotushispidus,Plant,dispersion,Testudograeca(Tortugamora),Disperser,dispersion,1
Ononissp.,Plant,dispersion,Testudograeca(Tortugamora),Disperser,dispersion,1
Ornithopussativus,Plant,dispersion,Testudograeca(Tortugamora),Disperser,dispersion,1
Rumexbucephalophorus,Plant,dispersion,Testudograeca(Tortugamora),Disperser,dispersion,1
Anagallisarvensis,Plant,dispersion,Testudograeca(Tortugamora),Disperser,dispersion,1
Ranunculussardous,Plant,dispersion,Testudograeca(Tortugamora),Disperser,dispersion,1
Ranunculussp.,Plant,dispersion,Testudograeca(Tortugamora),Disperser,dispersion,1
Resedamedia,Plant,dispersion,Testudograeca(Tortugamora),Disperser,dispersion,1
Erodiumcicutarium,Plant,dispersion,Testudograeca(Tortugamora),Disperser,dispersion,1
Andryalaarenaria,Plant,dispersion,Testudograeca(Tortugamora),Disperser,dispersion,1
Chamaemelumfuscatum,Plant,dispersion,Testudograeca(Tortugamora),Disperser,dispersion,1
Scirpoidesholoschoenus,Plant,herbivory,PORPHYRIOPORPHYRIO(CALAMON),Herbivore,herbivory,1
Scirpoidesholoschoenus,Plant,herbivory,Damadama(gamo),Herbivore,herbivory,1
Scirpoidesholoschoenus,Plant,herbivory,Cervuselaphus,Herbivore,herbivory,1
Scirpoidesholoschoenus,Plant,herbivory,GALLINULACHLOROPUS(POLLADEAGUA),Herbivore,herbivory,1
PORPHYRIOPORPHYRIO(CALAMON),Herbivore,herbivory,Scirpoidesholoschoenus,Plant,herbivory,1
PORPHYRIOPORPHYRIO(CALAMON),Herbivore,herbivory,Sparganiumerectum,Plant,herbivory,1
PORPHYRIOPORPHYRIO(CALAMON),Herbivore,herbivory,Phalarissp.,Plant,herbivory,1
PORPHYRIOPORPHYRIO(CALAMON),Herbivore,herbivory,Lotussp.,Plant,herbivory,1
PORPHYRIOPORPHYRIO(CALAMON),Herbivore,herbivory,Typhasp.,Plant,herbivory,1
PORPHYRIOPORPHYRIO(CALAMON),Herbivore,herbivory,Carexdivisa,Plant,herbivory,1
PORPHYRIOPORPHYRIO(CALAMON),Herbivore,herbivory,Scirpusmaritimus,Plant,herbivory,1
PORPHYRIOPORPHYRIO(CALAMON),Herbivore,herbivory,Phragmitessp.,Plant,herbivory,1
PORPHYRIOPORPHYRIO(CALAMON),Herbivore,herbivory,Oryzasativa,Plant,herbivory,1
Damadama(gamo),Herbivore,herbivory,Scirpoidesholoschoenus,Plant,herbivory,1
Damadama(gamo),Herbivore,herbivory,Chamaeropshumilis,Plant,herbivory,1
Damadama(gamo),Herbivore,herbivory,Rubusulmifolius,Plant,herbivory,1
Damadama(gamo),Herbivore,herbivory,Scirpusmaritimus,Plant,herbivory,1
Damadama(gamo),Herbivore,herbivory,Cynodondactylon,Plant,herbivory,1
Damadama(gamo),Herbivore,herbivory,Quercussuber,Plant,herbivory,1
Damadama(gamo),Herbivore,herbivory,Pteridiumaquilinum,Plant,herbivory,1
Damadama(gamo),Herbivore,herbivory,Agrostisstolonifera,Plant,herbivory,1
Damadama(gamo),Herbivore,herbivory,Asphodelusaestivus,Plant,herbivory,1
Damadama(gamo),Herbivore,herbivory,Rosmarinusofficinalis,Plant,herbivory,1
Damadama(gamo),Herbivore,herbivory,Typhaangustifolia,Plant,herbivory,1
Damadama(gamo),Herbivore,herbivory,Juncuseffusus,Plant,herbivory,1
Damadama(gamo),Herbivore,herbivory,Plantagocoronopus,Plant,herbivory,1
Damadama(gamo),Herbivore,herbivory,Anagallisarvensis,Plant,herbivory,1
Damadama(gamo),Herbivore,herbivory,Xolanthaguttata,Plant,herbivory,1
Damadama(gamo),Herbivore,herbivory,Halimiumhalimifolium,Plant,herbivory,1
Damadama(gamo),Herbivore,herbivory,Juncusmaritimus,Plant,herbivory,1
Damadama(gamo),Herbivore,herbivory,Cistussalvifolius,Plant,herbivory,1
Damadama(gamo),Herbivore,herbivory,Panicumrepens,Plant,herbivory,1
Damadama(gamo),Herbivore,herbivory,Pistacialentiscus,Plant,herbivory,1
Damadama(gamo),Herbivore,herbivory,Rumexbucephalophorus,Plant,herbivory,1
Damadama(gamo),Herbivore,herbivory,Malvaparviflora,Plant,herbivory,1
Damadama(gamo),Herbivore,herbivory,Brizamaxima,Plant,herbivory,1
Damadama(gamo),Herbivore,herbivory,Cyperuslongus,Plant,herbivory,1
Damadama(gamo),Herbivore,herbivory,Sarcocorniaperennis,Plant,herbivory,1
Damadama(gamo),Herbivore,herbivory,Pyrusbourgaeana,Plant,herbivory,1
Damadama(gamo),Herbivore,herbivory,Hydrocotylevulgaris,Plant,herbivory,1
Damadama(gamo),Herbivore,herbivory,Vulpiaalopecurus,Plant,herbivory,1
Damadama(gamo),Herbivore,herbivory,Scirpussetaceus,Plant,herbivory,1
Damadama(gamo),Herbivore,herbivory,Chamaemelummixtum,Plant,herbivory,1
Damadama(gamo),Herbivore,herbivory,Juncusheterophyllus,Plant,herbivory,1
Damadama(gamo),Herbivore,herbivory,Hordeummarinum,Plant,herbivory,1
Damadama(gamo),Herbivore,herbivory,Ulexaustralis,Plant,herbivory,1
Damadama(gamo),Herbivore,herbivory,Anthoxanthumovatum,Plant,herbivory,1
Damadama(gamo),Herbivore,herbivory,Ericaciliaris,Plant,herbivory,1
Damadama(gamo),Herbivore,herbivory,Ranunculuspeltatussubsp.baudotii,Plant,herbivory,1
Damadama(gamo),Herbivore,herbivory,Trifoliumrepens,Plant,herbivory,1
Damadama(gamo),Herbivore,herbivory,Carexdistans,Plant,herbivory,1
Damadama(gamo),Herbivore,herbivory,Bromusdiandrus,Plant,herbivory,1
Damadama(gamo),Herbivore,herbivory,Eleocharispalustris,Plant,herbivory,1
Damadama(gamo),Herbivore,herbivory,Seneciojacobaea,Plant,herbivory,1
Damadama(gamo),Herbivore,herbivory,Poaannua,Plant,herbivory,1
Damadama(gamo),Herbivore,herbivory,Potamogetonpolygonifolius,Plant,herbivory,1
Damadama(gamo),Herbivore,herbivory,Leontodontaraxacoides,Plant,herbivory,1
Damadama(gamo),Herbivore,herbivory,Lagurusovatus,Plant,herbivory,1
Damadama(gamo),Herbivore,herbivory,Avenalongiglumis,Plant,herbivory,1
Damadama(gamo),Herbivore,herbivory,Glyceriadeclinata,Plant,herbivory,1
Damadama(gamo),Herbivore,herbivory,Salixalba,Plant,herbivory,1
Damadama(gamo),Herbivore,herbivory,Crataegusmonogyna,Plant,herbivory,1
Damadama(gamo),Herbivore,herbivory,Hypericumelodes,Plant,herbivory,1
Damadama(gamo),Herbivore,herbivory,Callitricheplatycarpa,Plant,herbivory,1
Damadama(gamo),Herbivore,herbivory,Carduuspycnocephalus,Plant,herbivory,1
Damadama(gamo),Herbivore,herbivory,Lathyrusannuus,Plant,herbivory,1
Damadama(gamo),Herbivore,herbivory,Lepiotasp.,Plant,herbivory,1
Damadama(gamo),Herbivore,herbivory,Juncusstriatus,Plant,herbivory,1
Cervuselaphus,Herbivore,herbivory,Scirpoidesholoschoenus,Plant,herbivory,1
Cervuselaphus,Herbivore,herbivory,Carexdivisa,Plant,herbivory,1
Cervuselaphus,Herbivore,herbivory,Chamaeropshumilis,Plant,herbivory,1
Cervuselaphus,Herbivore,herbivory,Rubusulmifolius,Plant,herbivory,1
Cervuselaphus,Herbivore,herbivory,Scirpusmaritimus,Plant,herbivory,1
Cervuselaphus,Herbivore,herbivory,Cynodondactylon,Plant,herbivory,1
Cervuselaphus,Herbivore,herbivory,Quercussuber,Plant,herbivory,1
Cervuselaphus,Herbivore,herbivory,Pteridiumaquilinum,Plant,herbivory,1
Cervuselaphus,Herbivore,herbivory,Agrostisstolonifera,Plant,herbivory,1
Cervuselaphus,Herbivore,herbivory,Asphodelusaestivus,Plant,herbivory,1
Cervuselaphus,Herbivore,herbivory,Rosmarinusofficinalis,Plant,herbivory,1
Cervuselaphus,Herbivore,herbivory,Typhaangustifolia,Plant,herbivory,1
Cervuselaphus,Herbivore,herbivory,Juncuseffusus,Plant,herbivory,1
Cervuselaphus,Herbivore,herbivory,Anagallisarvensis,Plant,herbivory,1
Cervuselaphus,Herbivore,herbivory,Halimiumhalimifolium,Plant,herbivory,1
Cervuselaphus,Herbivore,herbivory,Juncusmaritimus,Plant,herbivory,1
Cervuselaphus,Herbivore,herbivory,Cistussalvifolius,Plant,herbivory,1
Cervuselaphus,Herbivore,herbivory,Panicumrepens,Plant,herbivory,1
Cervuselaphus,Herbivore,herbivory,Pistacialentiscus,Plant,herbivory,1
Cervuselaphus,Herbivore,herbivory,Rumexbucephalophorus,Plant,herbivory,1
Cervuselaphus,Herbivore,herbivory,Malvaparviflora,Plant,herbivory,1
Cervuselaphus,Herbivore,herbivory,Brizamaxima,Plant,herbivory,1
Cervuselaphus,Herbivore,herbivory,Cyperuslongus,Plant,herbivory,1
Cervuselaphus,Herbivore,herbivory,Sarcocorniaperennis,Plant,herbivory,1
Cervuselaphus,Herbivore,herbivory,Pyrusbourgaeana,Plant,herbivory,1
Cervuselaphus,Herbivore,herbivory,Hydrocotylevulgaris,Plant,herbivory,1
Cervuselaphus,Herbivore,herbivory,Vulpiaalopecurus,Plant,herbivory,1
Cervuselaphus,Herbivore,herbivory,Scirpussetaceus,Plant,herbivory,1
Cervuselaphus,Herbivore,herbivory,Chamaemelummixtum,Plant,herbivory,1
Cervuselaphus,Herbivore,herbivory,Juncusheterophyllus,Plant,herbivory,1
Cervuselaphus,Herbivore,herbivory,Hordeummarinum,Plant,herbivory,1
Cervuselaphus,Herbivore,herbivory,Lepiotasp.,Plant,herbivory,1
Cervuselaphus,Herbivore,herbivory,Phillyreaangustifolia,Plant,herbivory,1
Cervuselaphus,Herbivore,herbivory,Cytinushypocistis,Plant,herbivory,1
Cervuselaphus,Herbivore,herbivory,Oleaeuropaeavar.sylvestris,Plant,herbivory,1
Cervuselaphus,Herbivore,herbivory,Arbutusunedo,Plant,herbivory,1
Cervuselaphus,Herbivore,herbivory,Ericascoparia,Plant,herbivory,1
Cervuselaphus,Herbivore,herbivory,Halimiumcalycinum,Plant,herbivory,1
Cervuselaphus,Herbivore,herbivory,Stauracanthusgenistoides,Plant,herbivory,1
Cervuselaphus,Herbivore,herbivory,Ulexminor,Plant,herbivory,1
Cervuselaphus,Herbivore,herbivory,Callunavulgaris,Plant,herbivory,1
Cervuselaphus,Herbivore,herbivory,Myrtuscommunis,Plant,herbivory,1
Cervuselaphus,Herbivore,herbivory,Thymusmastichina,Plant,herbivory,1
Cervuselaphus,Herbivore,herbivory,Ranunculusbulbosus,Plant,herbivory,1
Cervuselaphus,Herbivore,herbivory,Juniperusoxycedrussubsp.macrocarpa,Plant,herbivory,1
Cervuselaphus,Herbivore,herbivory,Osyrisalba,Plant,herbivory,1
Cervuselaphus,Herbivore,herbivory,Cytisusgrandiflorus,Plant,herbivory,1
Cervuselaphus,Herbivore,herbivory,Genistatriacanthos,Plant,herbivory,1
Cervuselaphus,Herbivore,herbivory,Armeriapungens,Plant,herbivory,1
Cervuselaphus,Herbivore,herbivory,Poatrivialis,Plant,herbivory,1
GALLINULACHLOROPUS(POLLADEAGUA),Herbivore,herbivory,Scirpoidesholoschoenus,Plant,herbivory,1
GALLINULACHLOROPUS(POLLADEAGUA),Herbivore,herbivory,Typhasp.,Plant,herbivory,1
GALLINULACHLOROPUS(POLLADEAGUA),Herbivore,herbivory,Leontodontaraxacoides,Plant,herbivory,1
GALLINULACHLOROPUS(POLLADEAGUA),Herbivore,herbivory,Oryzasativa,Plant,herbivory,1
GALLINULACHLOROPUS(POLLADEAGUA),Herbivore,herbivory,Myriophyllumverticillatum,Plant,herbivory,1
GALLINULACHLOROPUS(POLLADEAGUA),Herbivore,herbivory,Ceratophyllumdemersum,Plant,herbivory,1
GALLINULACHLOROPUS(POLLADEAGUA),Herbivore,herbivory,Carexsp.,Plant,herbivory,1
GALLINULACHLOROPUS(POLLADEAGUA),Herbivore,herbivory,Scirpuslacustrissubsp.lacustris,Plant,herbivory,1
GALLINULACHLOROPUS(POLLADEAGUA),Herbivore,herbivory,Paspalumsp.,Plant,herbivory,1
GALLINULACHLOROPUS(POLLADEAGUA),Herbivore,herbivory,Glyceriasp.,Plant,herbivory,1
Sparganiumerectum,Plant,herbivory,PORPHYRIOPORPHYRIO(CALAMON),Herbivore,herbivory,1
Phalarissp.,Plant,herbivory,PORPHYRIOPORPHYRIO(CALAMON),Herbivore,herbivory,1
Lotussp.,Plant,herbivory,PORPHYRIOPORPHYRIO(CALAMON),Herbivore,herbivory,1
Lotussp.,Plant,herbivory,Testudograeca(Tortugamora)_herbivory,Herbivore,herbivory,1
Typhasp.,Plant,herbivory,PORPHYRIOPORPHYRIO(CALAMON),Herbivore,herbivory,1
Typhasp.,Plant,herbivory,GALLINULACHLOROPUS(POLLADEAGUA),Herbivore,herbivory,1
Carexdivisa,Plant,herbivory,PORPHYRIOPORPHYRIO(CALAMON),Herbivore,herbivory,1
Carexdivisa,Plant,herbivory,Cervuselaphus,Herbivore,herbivory,1
Carexdivisa,Plant,herbivory,Testudograeca(Tortugamora)_herbivory,Herbivore,herbivory,1
Scirpusmaritimus,Plant,herbivory,PORPHYRIOPORPHYRIO(CALAMON),Herbivore,herbivory,1
Scirpusmaritimus,Plant,herbivory,Damadama(gamo),Herbivore,herbivory,1
Scirpusmaritimus,Plant,herbivory,Cervuselaphus,Herbivore,herbivory,1
Scirpusmaritimus,Plant,herbivory,Susscrofa(jabali),Herbivore,herbivory,1
Scirpusmaritimus,Plant,herbivory,Lepuscapensis(Liebre),Herbivore,herbivory,1
Scirpusmaritimus,Plant,herbivory,Procambarusclarkii,Herbivore,herbivory,1
Scirpusmaritimus,Plant,herbivory,ARDEAPURPUREA(GARZAIMPERIAL),Herbivore,herbivory,1
Scirpusmaritimus,Plant,herbivory,Anseranser(Gansocomun),Herbivore,herbivory,1
Scirpusmaritimus,Plant,herbivory,Burhinusoedicnemus(Alcaravan),Herbivore,herbivory,1
Scirpusmaritimus,Plant,herbivory,Cyphosomalawsoniae,Herbivore,herbivory,1
Scirpusmaritimus,Plant,herbivory,Testudograeca(Tortugamora)_herbivory,Herbivore,herbivory,1
Phragmitessp.,Plant,herbivory,PORPHYRIOPORPHYRIO(CALAMON),Herbivore,herbivory,1
Oryzasativa,Plant,herbivory,PORPHYRIOPORPHYRIO(CALAMON),Herbivore,herbivory,1
Oryzasativa,Plant,herbivory,GALLINULACHLOROPUS(POLLADEAGUA),Herbivore,herbivory,1
Arthrocnemumsp.,Plant,dispersion,Anasacuta(Anaderabudo),Disperser,dispersion,1
Arthrocnemumsp.,Plant,dispersion,Anasclypeata(Patocuchara),Disperser,dispersion,1
Arthrocnemumsp.,Plant,dispersion,Anascrecca(Cercetacomun),Disperser,dispersion,1
Arthrocnemumsp.,Plant,dispersion,Anasplatyrhynchos(Anadereal),Disperser,dispersion,1
Arthrocnemumsp.,Plant,dispersion,Anasstrepera(Anadefriso),Disperser,dispersion,1
Arthrocnemumsp.,Plant,dispersion,Fulicaatra(Fochacomun),Disperser,dispersion,1
Anasacuta(Anaderabudo),Disperser,dispersion,Arthrocnemumsp.,Plant,dispersion,1
Anasclypeata(Patocuchara),Disperser,dispersion,Arthrocnemumsp.,Plant,dispersion,1
Anasclypeata(Patocuchara),Disperser,dispersion,Scirpusmaritimus,Plant,dispersion,1
Anascrecca(Cercetacomun),Disperser,dispersion,Arthrocnemumsp.,Plant,dispersion,1
Anasplatyrhynchos(Anadereal),Disperser,dispersion,Arthrocnemumsp.,Plant,dispersion,1
Anasplatyrhynchos(Anadereal),Disperser,dispersion,Ranunculussceleratus,Plant,dispersion,1
Anasstrepera(Anadefriso),Disperser,dispersion,Arthrocnemumsp.,Plant,dispersion,1
Fulicaatra(Fochacomun),Disperser,dispersion,Arthrocnemumsp.,Plant,dispersion,1
Scirpusmaritimus,Plant,dispersion,Anasclypeata(Patocuchara),Disperser,dispersion,1
Ranunculussceleratus,Plant,dispersion,Anasplatyrhynchos(Anadereal),Disperser,dispersion,1
Chamaeropshumilis,Plant,herbivory,Damadama(gamo),Herbivore,herbivory,1
Chamaeropshumilis,Plant,herbivory,Cervuselaphus,Herbivore,herbivory,1
Chamaeropshumilis,Plant,herbivory,Lepuscapensis(Liebre),Herbivore,herbivory,1
Lepuscapensis(Liebre),Herbivore,herbivory,Chamaeropshumilis,Plant,herbivory,1
Lepuscapensis(Liebre),Herbivore,herbivory,Scirpusmaritimus,Plant,herbivory,1
Lepuscapensis(Liebre),Herbivore,herbivory,Cynodondactylon,Plant,herbivory,1
Lepuscapensis(Liebre),Herbivore,herbivory,Rosmarinusofficinalis,Plant,herbivory,1
Lepuscapensis(Liebre),Herbivore,herbivory,Juncusmaritimus,Plant,herbivory,1
Lepuscapensis(Liebre),Herbivore,herbivory,Panicumrepens,Plant,herbivory,1
Lepuscapensis(Liebre),Herbivore,herbivory,Rumexbucephalophorus,Plant,herbivory,1
Lepuscapensis(Liebre),Herbivore,herbivory,Hordeummarinum,Plant,herbivory,1
Lepuscapensis(Liebre),Herbivore,herbivory,Stauracanthusgenistoides,Plant,herbivory,1
Lepuscapensis(Liebre),Herbivore,herbivory,Loliumsp.,Plant,herbivory,1
Lepuscapensis(Liebre),Herbivore,herbivory,Bromussp.,Plant,herbivory,1
Lepuscapensis(Liebre),Herbivore,herbivory,Seneciosp.,Plant,herbivory,1
Lepuscapensis(Liebre),Herbivore,herbivory,Cressacretica,Plant,herbivory,1
Lepuscapensis(Liebre),Herbivore,herbivory,Rumexsp.,Plant,herbivory,1
Lepuscapensis(Liebre),Herbivore,herbivory,Artemisiacampestris,Plant,herbivory,1
Lepuscapensis(Liebre),Herbivore,herbivory,Ammophilaarenaria,Plant,herbivory,1
Lepuscapensis(Liebre),Herbivore,herbivory,Frankenialaevis,Plant,herbivory,1
Lepuscapensis(Liebre),Herbivore,herbivory,Coremaalbum,Plant,herbivory,1
Lepuscapensis(Liebre),Herbivore,herbivory,Tolpisbarbata,Plant,herbivory,1
Lepuscapensis(Liebre),Herbivore,herbivory,Eleocharis(multicaulisopalustris),Plant,herbivory,1
Lepuscapensis(Liebre),Herbivore,herbivory,Plantagosp.,Plant,herbivory,1
Lepuscapensis(Liebre),Herbivore,herbivory,Paspalumvaginatum,Plant,herbivory,1
Lepuscapensis(Liebre),Herbivore,herbivory,Malcolmiasp.,Plant,herbivory,1
Lepuscapensis(Liebre),Herbivore,herbivory,Anthemismixta,Plant,herbivory,1
Lepuscapensis(Liebre),Herbivore,herbivory,Trifoliumsp.,Plant,herbivory,1
Lepuscapensis(Liebre),Herbivore,herbivory,Polypogonmaritimus,Plant,herbivory,1
Lepuscapensis(Liebre),Herbivore,herbivory,Phragmitesaustralis,Plant,herbivory,1
Rubusulmifolius,Plant,herbivory,Damadama(gamo),Herbivore,herbivory,1
Rubusulmifolius,Plant,herbivory,Cervuselaphus,Herbivore,herbivory,1
Rubusulmifolius,Plant,herbivory,Susscrofa(jabali),Herbivore,herbivory,1
Rubusulmifolius,Plant,herbivory,Procambarusclarkii,Herbivore,herbivory,1
Rubusulmifolius,Plant,herbivory,Genettagenetta(Gineta),Herbivore,herbivory,1
Cynodondactylon,Plant,herbivory,Damadama(gamo),Herbivore,herbivory,1
Cynodondactylon,Plant,herbivory,Cervuselaphus,Herbivore,herbivory,1
Cynodondactylon,Plant,herbivory,Susscrofa(jabali),Herbivore,herbivory,1
Cynodondactylon,Plant,herbivory,Lepuscapensis(Liebre),Herbivore,herbivory,1
Cynodondactylon,Plant,herbivory,Testudograeca(Tortugamora)_herbivory,Herbivore,herbivory,1
Quercussuber,Plant,herbivory,Damadama(gamo),Herbivore,herbivory,1
Quercussuber,Plant,herbivory,Cervuselaphus,Herbivore,herbivory,1
Quercussuber,Plant,herbivory,Susscrofa(jabali),Herbivore,herbivory,1
Pteridiumaquilinum,Plant,herbivory,Damadama(gamo),Herbivore,herbivory,1
Pteridiumaquilinum,Plant,herbivory,Cervuselaphus,Herbivore,herbivory,1
Pteridiumaquilinum,Plant,herbivory,Susscrofa(jabali),Herbivore,herbivory,1
Pteridiumaquilinum,Plant,herbivory,Testudograeca(Tortugamora)_herbivory,Herbivore,herbivory,1
Agrostisstolonifera,Plant,herbivory,Damadama(gamo),Herbivore,herbivory,1
Agrostisstolonifera,Plant,herbivory,Cervuselaphus,Herbivore,herbivory,1
Agrostisstolonifera,Plant,herbivory,Susscrofa(jabali),Herbivore,herbivory,1
Asphodelusaestivus,Plant,herbivory,Damadama(gamo),Herbivore,herbivory,1
Asphodelusaestivus,Plant,herbivory,Cervuselaphus,Herbivore,herbivory,1
Asphodelusaestivus,Plant,herbivory,Susscrofa(jabali),Herbivore,herbivory,1
Rosmarinusofficinalis,Plant,herbivory,Damadama(gamo),Herbivore,herbivory,1
Rosmarinusofficinalis,Plant,herbivory,Cervuselaphus,Herbivore,herbivory,1
Rosmarinusofficinalis,Plant,herbivory,Susscrofa(jabali),Herbivore,herbivory,1
Rosmarinusofficinalis,Plant,herbivory,Lepuscapensis(Liebre),Herbivore,herbivory,1
Typhaangustifolia,Plant,herbivory,Damadama(gamo),Herbivore,herbivory,1
Typhaangustifolia,Plant,herbivory,Cervuselaphus,Herbivore,herbivory,1
Typhaangustifolia,Plant,herbivory,Susscrofa(jabali),Herbivore,herbivory,1
Juncuseffusus,Plant,herbivory,Damadama(gamo),Herbivore,herbivory,1
Juncuseffusus,Plant,herbivory,Cervuselaphus,Herbivore,herbivory,1
Juncuseffusus,Plant,herbivory,Susscrofa(jabali),Herbivore,herbivory,1
Plantagocoronopus,Plant,herbivory,Damadama(gamo),Herbivore,herbivory,1
Plantagocoronopus,Plant,herbivory,Susscrofa(jabali),Herbivore,herbivory,1
Anagallisarvensis,Plant,herbivory,Damadama(gamo),Herbivore,herbivory,1
Anagallisarvensis,Plant,herbivory,Cervuselaphus,Herbivore,herbivory,1
Anagallisarvensis,Plant,herbivory,Susscrofa(jabali),Herbivore,herbivory,1
Anagallisarvensis,Plant,herbivory,Testudograeca(Tortugamora)_herbivory,Herbivore,herbivory,1
Xolanthaguttata,Plant,herbivory,Damadama(gamo),Herbivore,herbivory,1
Xolanthaguttata,Plant,herbivory,Susscrofa(jabali),Herbivore,herbivory,1
Halimiumhalimifolium,Plant,herbivory,Damadama(gamo),Herbivore,herbivory,1
Halimiumhalimifolium,Plant,herbivory,Cervuselaphus,Herbivore,herbivory,1
Halimiumhalimifolium,Plant,herbivory,Susscrofa(jabali),Herbivore,herbivory,1
Halimiumhalimifolium,Plant,herbivory,Testudograeca(Tortugamora)_herbivory,Herbivore,herbivory,1
Juncusmaritimus,Plant,herbivory,Damadama(gamo),Herbivore,herbivory,1
Juncusmaritimus,Plant,herbivory,Cervuselaphus,Herbivore,herbivory,1
Juncusmaritimus,Plant,herbivory,Susscrofa(jabali),Herbivore,herbivory,1
Juncusmaritimus,Plant,herbivory,Lepuscapensis(Liebre),Herbivore,herbivory,1
Cistussalvifolius,Plant,herbivory,Damadama(gamo),Herbivore,herbivory,1
Cistussalvifolius,Plant,herbivory,Cervuselaphus,Herbivore,herbivory,1
Panicumrepens,Plant,herbivory,Damadama(gamo),Herbivore,herbivory,1
Panicumrepens,Plant,herbivory,Cervuselaphus,Herbivore,herbivory,1
Panicumrepens,Plant,herbivory,Lepuscapensis(Liebre),Herbivore,herbivory,1
Pistacialentiscus,Plant,herbivory,Damadama(gamo),Herbivore,herbivory,1
Pistacialentiscus,Plant,herbivory,Cervuselaphus,Herbivore,herbivory,1
Rumexbucephalophorus,Plant,herbivory,Damadama(gamo),Herbivore,herbivory,1
Rumexbucephalophorus,Plant,herbivory,Cervuselaphus,Herbivore,herbivory,1
Rumexbucephalophorus,Plant,herbivory,Lepuscapensis(Liebre),Herbivore,herbivory,1
Rumexbucephalophorus,Plant,herbivory,Testudograeca(Tortugamora)_herbivory,Herbivore,herbivory,1
Malvaparviflora,Plant,herbivory,Damadama(gamo),Herbivore,herbivory,1
Malvaparviflora,Plant,herbivory,Cervuselaphus,Herbivore,herbivory,1
Brizamaxima,Plant,herbivory,Damadama(gamo),Herbivore,herbivory,1
Brizamaxima,Plant,herbivory,Cervuselaphus,Herbivore,herbivory,1
Cyperuslongus,Plant,herbivory,Damadama(gamo),Herbivore,herbivory,1
Cyperuslongus,Plant,herbivory,Cervuselaphus,Herbivore,herbivory,1
Sarcocorniaperennis,Plant,herbivory,Damadama(gamo),Herbivore,herbivory,1
Sarcocorniaperennis,Plant,herbivory,Cervuselaphus,Herbivore,herbivory,1
Pyrusbourgaeana,Plant,herbivory,Damadama(gamo),Herbivore,herbivory,1
Pyrusbourgaeana,Plant,herbivory,Cervuselaphus,Herbivore,herbivory,1
Hydrocotylevulgaris,Plant,herbivory,Damadama(gamo),Herbivore,herbivory,1
Hydrocotylevulgaris,Plant,herbivory,Cervuselaphus,Herbivore,herbivory,1
Vulpiaalopecurus,Plant,herbivory,Damadama(gamo),Herbivore,herbivory,1
Vulpiaalopecurus,Plant,herbivory,Cervuselaphus,Herbivore,herbivory,1
Scirpussetaceus,Plant,herbivory,Damadama(gamo),Herbivore,herbivory,1
Scirpussetaceus,Plant,herbivory,Cervuselaphus,Herbivore,herbivory,1
Chamaemelummixtum,Plant,herbivory,Damadama(gamo),Herbivore,herbivory,1
Chamaemelummixtum,Plant,herbivory,Cervuselaphus,Herbivore,herbivory,1
Chamaemelummixtum,Plant,herbivory,Testudograeca(Tortugamora)_herbivory,Herbivore,herbivory,1
Juncusheterophyllus,Plant,herbivory,Damadama(gamo),Herbivore,herbivory,1
Juncusheterophyllus,Plant,herbivory,Cervuselaphus,Herbivore,herbivory,1
Hordeummarinum,Plant,herbivory,Damadama(gamo),Herbivore,herbivory,1
Hordeummarinum,Plant,herbivory,Cervuselaphus,Herbivore,herbivory,1
Hordeummarinum,Plant,herbivory,Lepuscapensis(Liebre),Herbivore,herbivory,1
Ulexaustralis,Plant,herbivory,Damadama(gamo),Herbivore,herbivory,1
Anthoxanthumovatum,Plant,herbivory,Damadama(gamo),Herbivore,herbivory,1
Anthoxanthumovatum,Plant,herbivory,Testudograeca(Tortugamora)_herbivory,Herbivore,herbivory,1
Ericaciliaris,Plant,herbivory,Damadama(gamo),Herbivore,herbivory,1
Ranunculuspeltatussubsp.baudotii,Plant,herbivory,Damadama(gamo),Herbivore,herbivory,1
Trifoliumrepens,Plant,herbivory,Damadama(gamo),Herbivore,herbivory,1
Carexdistans,Plant,herbivory,Damadama(gamo),Herbivore,herbivory,1
Bromusdiandrus,Plant,herbivory,Damadama(gamo),Herbivore,herbivory,1
Eleocharispalustris,Plant,herbivory,Damadama(gamo),Herbivore,herbivory,1
Seneciojacobaea,Plant,herbivory,Damadama(gamo),Herbivore,herbivory,1
Poaannua,Plant,herbivory,Damadama(gamo),Herbivore,herbivory,1
Potamogetonpolygonifolius,Plant,herbivory,Damadama(gamo),Herbivore,herbivory,1
Leontodontaraxacoides,Plant,herbivory,Damadama(gamo),Herbivore,herbivory,1
Leontodontaraxacoides,Plant,herbivory,Oryctolaguscuniculus(Conejo),Herbivore,herbivory,1
Leontodontaraxacoides,Plant,herbivory,GALLINULACHLOROPUS(POLLADEAGUA),Herbivore,herbivory,1
Leontodontaraxacoides,Plant,herbivory,Testudograeca(Tortugamora)_herbivory,Herbivore,herbivory,1
Lagurusovatus,Plant,herbivory,Damadama(gamo),Herbivore,herbivory,1
Avenalongiglumis,Plant,herbivory,Damadama(gamo),Herbivore,herbivory,1
Glyceriadeclinata,Plant,herbivory,Damadama(gamo),Herbivore,herbivory,1
Salixalba,Plant,herbivory,Damadama(gamo),Herbivore,herbivory,1
Crataegusmonogyna,Plant,herbivory,Damadama(gamo),Herbivore,herbivory,1
Hypericumelodes,Plant,herbivory,Damadama(gamo),Herbivore,herbivory,1
Callitricheplatycarpa,Plant,herbivory,Damadama(gamo),Herbivore,herbivory,1
Carduuspycnocephalus,Plant,herbivory,Damadama(gamo),Herbivore,herbivory,1
Lathyrusannuus,Plant,herbivory,Damadama(gamo),Herbivore,herbivory,1
Lepiotasp.,Plant,herbivory,Damadama(gamo),Herbivore,herbivory,1
Lepiotasp.,Plant,herbivory,Cervuselaphus,Herbivore,herbivory,1
Juncusstriatus,Plant,herbivory,Damadama(gamo),Herbivore,herbivory,1
Susscrofa(jabali),Herbivore,herbivory,Rubusulmifolius,Plant,herbivory,1
Susscrofa(jabali),Herbivore,herbivory,Scirpusmaritimus,Plant,herbivory,1
Susscrofa(jabali),Herbivore,herbivory,Cynodondactylon,Plant,herbivory,1
Susscrofa(jabali),Herbivore,herbivory,Quercussuber,Plant,herbivory,1
Susscrofa(jabali),Herbivore,herbivory,Pteridiumaquilinum,Plant,herbivory,1
Susscrofa(jabali),Herbivore,herbivory,Agrostisstolonifera,Plant,herbivory,1
Susscrofa(jabali),Herbivore,herbivory,Asphodelusaestivus,Plant,herbivory,1
Susscrofa(jabali),Herbivore,herbivory,Rosmarinusofficinalis,Plant,herbivory,1
Susscrofa(jabali),Herbivore,herbivory,Typhaangustifolia,Plant,herbivory,1
Susscrofa(jabali),Herbivore,herbivory,Juncuseffusus,Plant,herbivory,1
Susscrofa(jabali),Herbivore,herbivory,Plantagocoronopus,Plant,herbivory,1
Susscrofa(jabali),Herbivore,herbivory,Anagallisarvensis,Plant,herbivory,1
Susscrofa(jabali),Herbivore,herbivory,Xolanthaguttata,Plant,herbivory,1
Susscrofa(jabali),Herbivore,herbivory,Halimiumhalimifolium,Plant,herbivory,1
Susscrofa(jabali),Herbivore,herbivory,Juncusmaritimus,Plant,herbivory,1
Susscrofa(jabali),Herbivore,herbivory,Cytinushypocistis,Plant,herbivory,1
Susscrofa(jabali),Herbivore,herbivory,Oleaeuropaeavar.sylvestris,Plant,herbivory,1
Susscrofa(jabali),Herbivore,herbivory,Arbutusunedo,Plant,herbivory,1
Susscrofa(jabali),Herbivore,herbivory,Pinuspinea(introducido),Plant,herbivory,1
Susscrofa(jabali),Herbivore,herbivory,Crocusserotinussubsp.salzmannii,Plant,herbivory,1
Procambarusclarkii,Herbivore,herbivory,Rubusulmifolius,Plant,herbivory,1
Procambarusclarkii,Herbivore,herbivory,Scirpusmaritimus,Plant,herbivory,1
Procambarusclarkii,Herbivore,herbivory,Scirpuslitoralis,Plant,herbivory,1
Procambarusclarkii,Herbivore,herbivory,Ranunculuspeltatus,Plant,herbivory,1
Genettagenetta(Gineta),Herbivore,herbivory,Rubusulmifolius,Plant,herbivory,1
Genettagenetta(Gineta),Herbivore,herbivory,Myrtuscommunis,Plant,herbivory,1
ARDEAPURPUREA(GARZAIMPERIAL),Herbivore,herbivory,Scirpusmaritimus,Plant,herbivory,1
ARDEAPURPUREA(GARZAIMPERIAL),Herbivore,herbivory,Phragmitesaustralis,Plant,herbivory,1
Anseranser(Gansocomun),Herbivore,herbivory,Scirpusmaritimus,Plant,herbivory,1
Anseranser(Gansocomun),Herbivore,herbivory,Scirpuslitoralis,Plant,herbivory,1
Burhinusoedicnemus(Alcaravan),Herbivore,herbivory,Scirpusmaritimus,Plant,herbivory,1
Cyphosomalawsoniae,Herbivore,herbivory,Scirpusmaritimus,Plant,herbivory,1
Oryctolaguscuniculus(Conejo),Herbivore,herbivory,Leontodontaraxacoides,Plant,herbivory,1
Oryctolaguscuniculus(Conejo),Herbivore,herbivory,Loliumsp.,Plant,herbivory,1
Oryctolaguscuniculus(Conejo),Herbivore,herbivory,Vulpiasp.,Plant,herbivory,1
Oryctolaguscuniculus(Conejo),Herbivore,herbivory,Bromussp.,Plant,herbivory,1
Oryctolaguscuniculus(Conejo),Herbivore,herbivory,Holcussp.,Plant,herbivory,1
Oryctolaguscuniculus(Conejo),Herbivore,herbivory,Poaceae,Plant,herbivory,1
Oryctolaguscuniculus(Conejo),Herbivore,herbivory,Seneciosp.,Plant,herbivory,1
Oryctolaguscuniculus(Conejo),Herbivore,herbivory,Anthemiscotula,Plant,herbivory,1
Oryctolaguscuniculus(Conejo),Herbivore,herbivory,Ericasp.,Plant,herbivory,1
Phillyreaangustifolia,Plant,herbivory,Cervuselaphus,Herbivore,herbivory,1
Cytinushypocistis,Plant,herbivory,Cervuselaphus,Herbivore,herbivory,1
Cytinushypocistis,Plant,herbivory,Susscrofa(jabali),Herbivore,herbivory,1
Oleaeuropaeavar.sylvestris,Plant,herbivory,Cervuselaphus,Herbivore,herbivory,1
Oleaeuropaeavar.sylvestris,Plant,herbivory,Susscrofa(jabali),Herbivore,herbivory,1
Arbutusunedo,Plant,herbivory,Cervuselaphus,Herbivore,herbivory,1
Arbutusunedo,Plant,herbivory,Susscrofa(jabali),Herbivore,herbivory,1
Ericascoparia,Plant,herbivory,Cervuselaphus,Herbivore,herbivory,1
Halimiumcalycinum,Plant,herbivory,Cervuselaphus,Herbivore,herbivory,1
Stauracanthusgenistoides,Plant,herbivory,Cervuselaphus,Herbivore,herbivory,1
Stauracanthusgenistoides,Plant,herbivory,Lepuscapensis(Liebre),Herbivore,herbivory,1
Ulexminor,Plant,herbivory,Cervuselaphus,Herbivore,herbivory,1
Callunavulgaris,Plant,herbivory,Cervuselaphus,Herbivore,herbivory,1
Myrtuscommunis,Plant,herbivory,Cervuselaphus,Herbivore,herbivory,1
Myrtuscommunis,Plant,herbivory,Genettagenetta(Gineta),Herbivore,herbivory,1
Thymusmastichina,Plant,herbivory,Cervuselaphus,Herbivore,herbivory,1
Ranunculusbulbosus,Plant,herbivory,Cervuselaphus,Herbivore,herbivory,1
Juniperusoxycedrussubsp.macrocarpa,Plant,herbivory,Cervuselaphus,Herbivore,herbivory,1
Osyrisalba,Plant,herbivory,Cervuselaphus,Herbivore,herbivory,1
Cytisusgrandiflorus,Plant,herbivory,Cervuselaphus,Herbivore,herbivory,1
Genistatriacanthos,Plant,herbivory,Cervuselaphus,Herbivore,herbivory,1
Armeriapungens,Plant,herbivory,Cervuselaphus,Herbivore,herbivory,1
Poatrivialis,Plant,herbivory,Cervuselaphus,Herbivore,herbivory,1
Pinuspinea(introducido),Plant,herbivory,Susscrofa(jabali),Herbivore,herbivory,1
Crocusserotinussubsp.salzmannii,Plant,herbivory,Susscrofa(jabali),Herbivore,herbivory,1
Loliumsp.,Plant,herbivory,Oryctolaguscuniculus(Conejo),Herbivore,herbivory,1
Loliumsp.,Plant,herbivory,Lepuscapensis(Liebre),Herbivore,herbivory,1
Vulpiasp.,Plant,herbivory,Oryctolaguscuniculus(Conejo),Herbivore,herbivory,1
Bromussp.,Plant,herbivory,Oryctolaguscuniculus(Conejo),Herbivore,herbivory,1
Bromussp.,Plant,herbivory,Lepuscapensis(Liebre),Herbivore,herbivory,1
Holcussp.,Plant,herbivory,Oryctolaguscuniculus(Conejo),Herbivore,herbivory,1
Poaceae,Plant,herbivory,Oryctolaguscuniculus(Conejo),Herbivore,herbivory,1
Seneciosp.,Plant,herbivory,Oryctolaguscuniculus(Conejo),Herbivore,herbivory,1
Seneciosp.,Plant,herbivory,Lepuscapensis(Liebre),Herbivore,herbivory,1
Anthemiscotula,Plant,herbivory,Oryctolaguscuniculus(Conejo),Herbivore,herbivory,1
Ericasp.,Plant,herbivory,Oryctolaguscuniculus(Conejo),Herbivore,herbivory,1
Cressacretica,Plant,herbivory,Lepuscapensis(Liebre),Herbivore,herbivory,1
Rumexsp.,Plant,herbivory,Lepuscapensis(Liebre),Herbivore,herbivory,1
Rumexsp.,Plant,herbivory,Testudograeca(Tortugamora)_herbivory,Herbivore,herbivory,1
Artemisiacampestris,Plant,herbivory,Lepuscapensis(Liebre),Herbivore,herbivory,1
Ammophilaarenaria,Plant,herbivory,Lepuscapensis(Liebre),Herbivore,herbivory,1
Frankenialaevis,Plant,herbivory,Lepuscapensis(Liebre),Herbivore,herbivory,1
Coremaalbum,Plant,herbivory,Lepuscapensis(Liebre),Herbivore,herbivory,1
Tolpisbarbata,Plant,herbivory,Lepuscapensis(Liebre),Herbivore,herbivory,1
Eleocharis(multicaulisopalustris),Plant,herbivory,Lepuscapensis(Liebre),Herbivore,herbivory,1
Plantagosp.,Plant,herbivory,Lepuscapensis(Liebre),Herbivore,herbivory,1
Paspalumvaginatum,Plant,herbivory,Lepuscapensis(Liebre),Herbivore,herbivory,1
Malcolmiasp.,Plant,herbivory,Lepuscapensis(Liebre),Herbivore,herbivory,1
Anthemismixta,Plant,herbivory,Lepuscapensis(Liebre),Herbivore,herbivory,1
Trifoliumsp.,Plant,herbivory,Lepuscapensis(Liebre),Herbivore,herbivory,1
Trifoliumsp.,Plant,herbivory,Testudograeca(Tortugamora)_herbivory,Herbivore,herbivory,1
Polypogonmaritimus,Plant,herbivory,Lepuscapensis(Liebre),Herbivore,herbivory,1
Phragmitesaustralis,Plant,herbivory,Lepuscapensis(Liebre),Herbivore,herbivory,1
Phragmitesaustralis,Plant,herbivory,ARDEAPURPUREA(GARZAIMPERIAL),Herbivore,herbivory,1
Scirpuslitoralis,Plant,herbivory,Procambarusclarkii,Herbivore,herbivory,1
Scirpuslitoralis,Plant,herbivory,Anseranser(Gansocomun),Herbivore,herbivory,1
Ranunculuspeltatus,Plant,herbivory,Procambarusclarkii,Herbivore,herbivory,1
Evaxpygmaea,Plant,herbivory,Testudograeca(Tortugamora)_herbivory,Herbivore,herbivory,1
Hypochaerisglabra,Plant,herbivory,Testudograeca(Tortugamora)_herbivory,Herbivore,herbivory,1
Leontodonmaroccanus,Plant,herbivory,Testudograeca(Tortugamora)_herbivory,Herbivore,herbivory,1
Lotussubbiflorus,Plant,herbivory,Testudograeca(Tortugamora)_herbivory,Herbivore,herbivory,1
Ononissp.,Plant,herbivory,Testudograeca(Tortugamora)_herbivory,Herbivore,herbivory,1
Ornithopussp.,Plant,herbivory,Testudograeca(Tortugamora)_herbivory,Herbivore,herbivory,1
Chaetopogonfasciculatus,Plant,herbivory,Testudograeca(Tortugamora)_herbivory,Herbivore,herbivory,1
Loeflingiabaetica,Plant,herbivory,Testudograeca(Tortugamora)_herbivory,Herbivore,herbivory,1
Saginaapetala,Plant,herbivory,Testudograeca(Tortugamora)_herbivory,Herbivore,herbivory,1
Malcolmialacera,Plant,herbivory,Testudograeca(Tortugamora)_herbivory,Herbivore,herbivory,1
Teesdaliacoronopifolia,Plant,herbivory,Testudograeca(Tortugamora)_herbivory,Herbivore,herbivory,1
Scillaperuviana,Plant,herbivory,Testudograeca(Tortugamora)_herbivory,Herbivore,herbivory,1
Urgineamaritima,Plant,herbivory,Testudograeca(Tortugamora)_herbivory,Herbivore,herbivory,1
Ranunculussp.,Plant,herbivory,Testudograeca(Tortugamora)_herbivory,Herbivore,herbivory,1
Lemnaminor,Plant,herbivory,Testudograeca(Tortugamora)_herbivory,Herbivore,herbivory,1
Armeriagaditana,Plant,herbivory,Testudograeca(Tortugamora)_herbivory,Herbivore,herbivory,1
Lavandulastoechas,Plant,herbivory,Testudograeca(Tortugamora)_herbivory,Herbivore,herbivory,1
Linariasp.,Plant,herbivory,Testudograeca(Tortugamora)_herbivory,Herbivore,herbivory,1
Pseudoscabiosadiandra,Plant,herbivory,Testudograeca(Tortugamora)_herbivory,Herbivore,herbivory,1
Serapiaslingua,Plant,herbivory,Testudograeca(Tortugamora)_herbivory,Herbivore,herbivory,1
Echiumsp.,Plant,herbivory,Testudograeca(Tortugamora)_herbivory,Herbivore,herbivory,1
Myriophyllumverticillatum,Plant,herbivory,GALLINULACHLOROPUS(POLLADEAGUA),Herbivore,herbivory,1
Ceratophyllumdemersum,Plant,herbivory,GALLINULACHLOROPUS(POLLADEAGUA),Herbivore,herbivory,1
Carexsp.,Plant,herbivory,GALLINULACHLOROPUS(POLLADEAGUA),Herbivore,herbivory,1
Scirpuslacustrissubsp.lacustris,Plant,herbivory,GALLINULACHLOROPUS(POLLADEAGUA),Herbivore,herbivory,1
Paspalumsp.,Plant,herbivory,GALLINULACHLOROPUS(POLLADEAGUA),Herbivore,herbivory,1
Glyceriasp.,Plant,herbivory,GALLINULACHLOROPUS(POLLADEAGUA),Herbivore,herbivory,1
Testudograeca(Tortugamora)_herbivory,Herbivore,herbivory,Lotussp.,Plant,herbivory,1
Testudograeca(Tortugamora)_herbivory,Herbivore,herbivory,Carexdivisa,Plant,herbivory,1
Testudograeca(Tortugamora)_herbivory,Herbivore,herbivory,Scirpusmaritimus,Plant,herbivory,1
Testudograeca(Tortugamora)_herbivory,Herbivore,herbivory,Cynodondactylon,Plant,herbivory,1
Testudograeca(Tortugamora)_herbivory,Herbivore,herbivory,Pteridiumaquilinum,Plant,herbivory,1
Testudograeca(Tortugamora)_herbivory,Herbivore,herbivory,Anagallisarvensis,Plant,herbivory,1
Testudograeca(Tortugamora)_herbivory,Herbivore,herbivory,Halimiumhalimifolium,Plant,herbivory,1
Testudograeca(Tortugamora)_herbivory,Herbivore,herbivory,Rumexbucephalophorus,Plant,herbivory,1
Testudograeca(Tortugamora)_herbivory,Herbivore,herbivory,Chamaemelummixtum,Plant,herbivory,1
Testudograeca(Tortugamora)_herbivory,Herbivore,herbivory,Anthoxanthumovatum,Plant,herbivory,1
Testudograeca(Tortugamora)_herbivory,Herbivore,herbivory,Leontodontaraxacoides,Plant,herbivory,1
Testudograeca(Tortugamora)_herbivory,Herbivore,herbivory,Rumexsp.,Plant,herbivory,1
Testudograeca(Tortugamora)_herbivory,Herbivore,herbivory,Trifoliumsp.,Plant,herbivory,1
Testudograeca(Tortugamora)_herbivory,Herbivore,herbivory,Evaxpygmaea,Plant,herbivory,1
Testudograeca(Tortugamora)_herbivory,Herbivore,herbivory,Hypochaerisglabra,Plant,herbivory,1
Testudograeca(Tortugamora)_herbivory,Herbivore,herbivory,Leontodonmaroccanus,Plant,herbivory,1
Testudograeca(Tortugamora)_herbivory,Herbivore,herbivory,Lotussubbiflorus,Plant,herbivory,1
Testudograeca(Tortugamora)_herbivory,Herbivore,herbivory,Ononissp.,Plant,herbivory,1
Testudograeca(Tortugamora)_herbivory,Herbivore,herbivory,Ornithopussp.,Plant,herbivory,1
Testudograeca(Tortugamora)_herbivory,Herbivore,herbivory,Chaetopogonfasciculatus,Plant,herbivory,1
Testudograeca(Tortugamora)_herbivory,Herbivore,herbivory,Loeflingiabaetica,Plant,herbivory,1
Testudograeca(Tortugamora)_herbivory,Herbivore,herbivory,Saginaapetala,Plant,herbivory,1
Testudograeca(Tortugamora)_herbivory,Herbivore,herbivory,Malcolmialacera,Plant,herbivory,1
Testudograeca(Tortugamora)_herbivory,Herbivore,herbivory,Teesdaliacoronopifolia,Plant,herbivory,1
Testudograeca(Tortugamora)_herbivory,Herbivore,herbivory,Scillaperuviana,Plant,herbivory,1
Testudograeca(Tortugamora)_herbivory,Herbivore,herbivory,Urgineamaritima,Plant,herbivory,1
Testudograeca(Tortugamora)_herbivory,Herbivore,herbivory,Ranunculussp.,Plant,herbivory,1
Testudograeca(Tortugamora)_herbivory,Herbivore,herbivory,Lemnaminor,Plant,herbivory,1
Testudograeca(Tortugamora)_herbivory,Herbivore,herbivory,Armeriagaditana,Plant,herbivory,1
Testudograeca(Tortugamora)_herbivory,Herbivore,herbivory,Lavandulastoechas,Plant,herbivory,1
Testudograeca(Tortugamora)_herbivory,Herbivore,herbivory,Linariasp.,Plant,herbivory,1
Testudograeca(Tortugamora)_herbivory,Herbivore,herbivory,Pseudoscabiosadiandra,Plant,herbivory,1
Testudograeca(Tortugamora)_herbivory,Herbivore,herbivory,Serapiaslingua,Plant,herbivory,1
Testudograeca(Tortugamora)_herbivory,Herbivore,herbivory,Echiumsp.,Plant,herbivory,1
