Cistuslibanotis,Plant,pollination,Heliotaurusruficollis,Pollinator,pollination,1
Cistuslibanotis,Plant,pollination,Anthaxiaparallela,Pollinator,pollination,1
Cistuslibanotis,Plant,pollination,Cantharidae(NI2),Pollinator,pollination,1
Cistuslibanotis,Plant,pollination,Nusteradistigma,Pollinator,pollination,1
Cistuslibanotis,Plant,pollination,Deliussp.,Pollinator,pollination,1
Cistuslibanotis,Plant,pollination,Lobonyxaeneus,Pollinator,pollination,1
Cistuslibanotis,Plant,pollination,Anthrenussp.,Pollinator,pollination,1
Cistuslibanotis,Plant,pollination,Cardiophorusbipunctatus,Pollinator,pollination,1
Cistuslibanotis,Plant,pollination,Malachiussp.,Pollinator,pollination,1
Cistuslibanotis,Plant,pollination,Melilidae(NI7),Pollinator,pollination,1
Cistuslibanotis,Plant,pollination,Chasmatopterussp.,Pollinator,pollination,1
Cistuslibanotis,Plant,pollination,Mordellistenasp.,Pollinator,pollination,1
Cistuslibanotis,Plant,pollination,Bombyliusater,Pollinator,pollination,1
Cistuslibanotis,Plant,pollination,Conophorusfuminervis,Pollinator,pollination,1
Cistuslibanotis,Plant,pollination,Lomatiainfernalis,Pollinator,pollination,1
Cistuslibanotis,Plant,pollination,Phthiriasp.,Pollinator,pollination,1
Cistuslibanotis,Plant,pollination,Calliphoridae(NI9),Pollinator,pollination,1
Cistuslibanotis,Plant,pollination,A.nigroaenea,Pollinator,pollination,1
Cistuslibanotis,Plant,pollination,Xylocopacantabrita,Pollinator,pollination,1
Cistuslibanotis,Plant,pollination,Apismellifera,Pollinator,pollination,1
Cistuslibanotis,Plant,pollination,Lasioglossumimmunitum,Pollinator,pollination,1
Cistuslibanotis,Plant,pollination,Lasioglossumlittorale,Pollinator,pollination,1
Cistuslibanotis,Plant,pollination,Lasioglossumprasinum,Pollinator,pollination,1
Cistuslibanotis,Plant,pollination,Lasioglossumpunctatissimum,Pollinator,pollination,1
Cistuslibanotis,Plant,pollination,Dasypodaiberica,Pollinator,pollination,1
Cistuslibanotis,Plant,pollination,Lasiusniger,Pollinator,pollination,1
Cistuslibanotis,Plant,pollination,Lindeniusluteiventris,Pollinator,pollination,1
Cistuslibanotis,Plant,pollination,Tiphiamorio,Pollinator,pollination,1
Cistuslibanotis,Plant,pollination,Gonepteryxcleopatra(adulto)(Cleopatra),Pollinator,pollination,1
Heliotaurusruficollis,Pollinator,pollination,Cistuslibanotis,Plant,pollination,1
Heliotaurusruficollis,Pollinator,pollination,Halimiumhalimifolium,Plant,pollination,1
Anthaxiaparallela,Pollinator,pollination,Cistuslibanotis,Plant,pollination,1
Cantharidae(NI2),Pollinator,pollination,Cistuslibanotis,Plant,pollination,1
Cantharidae(NI2),Pollinator,pollination,Halimiumhalimifolium,Plant,pollination,1
Cantharidae(NI2),Pollinator,pollination,Cistussalvifolius,Plant,pollination,1
Cantharidae(NI2),Pollinator,pollination,Myrtuscommunis,Plant,pollination,1
Nusteradistigma,Pollinator,pollination,Cistuslibanotis,Plant,pollination,1
Nusteradistigma,Pollinator,pollination,Armeriavelutina,Plant,pollination,1
Deliussp.,Pollinator,pollination,Cistuslibanotis,Plant,pollination,1
Deliussp.,Pollinator,pollination,Cistussalvifolius,Plant,pollination,1
Lobonyxaeneus,Pollinator,pollination,Cistuslibanotis,Plant,pollination,1
Lobonyxaeneus,Pollinator,pollination,Halimiumhalimifolium,Plant,pollination,1
Lobonyxaeneus,Pollinator,pollination,Cistussalvifolius,Plant,pollination,1
Lobonyxaeneus,Pollinator,pollination,Halimiumcalycinum,Plant,pollination,1
Lobonyxaeneus,Pollinator,pollination,H.apeninnumsubsp.stoechadifolium,Plant,pollination,1
Anthrenussp.,Pollinator,pollination,Cistuslibanotis,Plant,pollination,1
Anthrenussp.,Pollinator,pollination,Halimiumhalimifolium,Plant,pollination,1
Anthrenussp.,Pollinator,pollination,H.italicumsubsp.serotinum,Plant,pollination,1
Anthrenussp.,Pollinator,pollination,Cistussalvifolius,Plant,pollination,1
Anthrenussp.,Pollinator,pollination,Armeriavelutina,Plant,pollination,1
Anthrenussp.,Pollinator,pollination,Thymusmastichina,Plant,pollination,1
Anthrenussp.,Pollinator,pollination,H.apeninnumsubsp.stoechadifolium,Plant,pollination,1
Anthrenussp.,Pollinator,pollination,Osyrisalba,Plant,pollination,1
Anthrenussp.,Pollinator,pollination,Rubusulmifolius,Plant,pollination,1
Cardiophorusbipunctatus,Pollinator,pollination,Cistuslibanotis,Plant,pollination,1
Malachiussp.,Pollinator,pollination,Cistuslibanotis,Plant,pollination,1
Malachiussp.,Pollinator,pollination,Cistussalvifolius,Plant,pollination,1
Malachiussp.,Pollinator,pollination,Halimiumcalycinum,Plant,pollination,1
Melilidae(NI7),Pollinator,pollination,Cistuslibanotis,Plant,pollination,1
Melilidae(NI7),Pollinator,pollination,Cistussalvifolius,Plant,pollination,1
Chasmatopterussp.,Pollinator,pollination,Cistuslibanotis,Plant,pollination,1
Chasmatopterussp.,Pollinator,pollination,Halimiumhalimifolium,Plant,pollination,1
Mordellistenasp.,Pollinator,pollination,Cistuslibanotis,Plant,pollination,1
Mordellistenasp.,Pollinator,pollination,Cistussalvifolius,Plant,pollination,1
Mordellistenasp.,Pollinator,pollination,Armeriavelutina,Plant,pollination,1
Mordellistenasp.,Pollinator,pollination,H.apeninnumsubsp.stoechadifolium,Plant,pollination,1
Mordellistenasp.,Pollinator,pollination,Osyrisalba,Plant,pollination,1
Bombyliusater,Pollinator,pollination,Cistuslibanotis,Plant,pollination,1
Bombyliusater,Pollinator,pollination,Lavandulastoechas,Plant,pollination,1
Conophorusfuminervis,Pollinator,pollination,Cistuslibanotis,Plant,pollination,1
Conophorusfuminervis,Pollinator,pollination,Cistussalvifolius,Plant,pollination,1
Lomatiainfernalis,Pollinator,pollination,Cistuslibanotis,Plant,pollination,1
Lomatiainfernalis,Pollinator,pollination,Thymusmastichina,Plant,pollination,1
Phthiriasp.,Pollinator,pollination,Cistuslibanotis,Plant,pollination,1
Phthiriasp.,Pollinator,pollination,Halimiumhalimifolium,Plant,pollination,1
Phthiriasp.,Pollinator,pollination,H.italicumsubsp.serotinum,Plant,pollination,1
Phthiriasp.,Pollinator,pollination,Rosmarinusofficinalis,Plant,pollination,1
Phthiriasp.,Pollinator,pollination,Thymusmastichina,Plant,pollination,1
Phthiriasp.,Pollinator,pollination,Halimiumcalycinum,Plant,pollination,1
Phthiriasp.,Pollinator,pollination,Rubusulmifolius,Plant,pollination,1
Phthiriasp.,Pollinator,pollination,Daphnegnidium,Plant,pollination,1
Phthiriasp.,Pollinator,pollination,Asparagusaphyllus,Plant,pollination,1
Phthiriasp.,Pollinator,pollination,Ericaciliaris,Plant,pollination,1
Phthiriasp.,Pollinator,pollination,Callunavulgaris,Plant,pollination,1
Calliphoridae(NI9),Pollinator,pollination,Cistuslibanotis,Plant,pollination,1
Calliphoridae(NI9),Pollinator,pollination,H.italicumsubsp.serotinum,Plant,pollination,1
Calliphoridae(NI9),Pollinator,pollination,Cistussalvifolius,Plant,pollination,1
Calliphoridae(NI9),Pollinator,pollination,Armeriavelutina,Plant,pollination,1
Calliphoridae(NI9),Pollinator,pollination,Rosmarinusofficinalis,Plant,pollination,1
Calliphoridae(NI9),Pollinator,pollination,Thymusmastichina,Plant,pollination,1
Calliphoridae(NI9),Pollinator,pollination,Halimiumcalycinum,Plant,pollination,1
Calliphoridae(NI9),Pollinator,pollination,Osyrisalba,Plant,pollination,1
Calliphoridae(NI9),Pollinator,pollination,Rubusulmifolius,Plant,pollination,1
Calliphoridae(NI9),Pollinator,pollination,Lavandulastoechas,Plant,pollination,1
Calliphoridae(NI9),Pollinator,pollination,Daphnegnidium,Plant,pollination,1
Calliphoridae(NI9),Pollinator,pollination,Asparagusaphyllus,Plant,pollination,1
Calliphoridae(NI9),Pollinator,pollination,Callunavulgaris,Plant,pollination,1
Calliphoridae(NI9),Pollinator,pollination,Ulexparviflorus,Plant,pollination,1
Calliphoridae(NI9),Pollinator,pollination,Osyrisquadripartita,Plant,pollination,1
Calliphoridae(NI9),Pollinator,pollination,Smilaxaspera,Plant,pollination,1
Calliphoridae(NI9),Pollinator,pollination,Ulexminor,Plant,pollination,1
A.nigroaenea,Pollinator,pollination,Cistuslibanotis,Plant,pollination,1
A.nigroaenea,Pollinator,pollination,Cistussalvifolius,Plant,pollination,1
Xylocopacantabrita,Pollinator,pollination,Cistuslibanotis,Plant,pollination,1
Xylocopacantabrita,Pollinator,pollination,Rosmarinusofficinalis,Plant,pollination,1
Xylocopacantabrita,Pollinator,pollination,Rubusulmifolius,Plant,pollination,1
Xylocopacantabrita,Pollinator,pollination,Daphnegnidium,Plant,pollination,1
Xylocopacantabrita,Pollinator,pollination,Ericaciliaris,Plant,pollination,1
Xylocopacantabrita,Pollinator,pollination,Callunavulgaris,Plant,pollination,1
Xylocopacantabrita,Pollinator,pollination,Lonicerapericlymenum,Plant,pollination,1
Apismellifera,Pollinator,pollination,Cistuslibanotis,Plant,pollination,1
Apismellifera,Pollinator,pollination,Halimiumhalimifolium,Plant,pollination,1
Apismellifera,Pollinator,pollination,Cistussalvifolius,Plant,pollination,1
Apismellifera,Pollinator,pollination,Rosmarinusofficinalis,Plant,pollination,1
Apismellifera,Pollinator,pollination,Halimiumcalycinum,Plant,pollination,1
Apismellifera,Pollinator,pollination,Rubusulmifolius,Plant,pollination,1
Apismellifera,Pollinator,pollination,Lavandulastoechas,Plant,pollination,1
Apismellifera,Pollinator,pollination,Callunavulgaris,Plant,pollination,1
Apismellifera,Pollinator,pollination,Ulexparviflorus,Plant,pollination,1
Apismellifera,Pollinator,pollination,Osyrisquadripartita,Plant,pollination,1
Apismellifera,Pollinator,pollination,Ulexminor,Plant,pollination,1
Apismellifera,Pollinator,pollination,Stauracanthusgenistoides,Plant,pollination,1
Apismellifera,Pollinator,pollination,Phillyreaangustifolia,Plant,pollination,1
Apismellifera,Pollinator,pollination,Cytisusgrandiflorus,Plant,pollination,1
Lasioglossumimmunitum,Pollinator,pollination,Cistuslibanotis,Plant,pollination,1
Lasioglossumimmunitum,Pollinator,pollination,Halimiumhalimifolium,Plant,pollination,1
Lasioglossumimmunitum,Pollinator,pollination,Cistussalvifolius,Plant,pollination,1
Lasioglossumimmunitum,Pollinator,pollination,Armeriavelutina,Plant,pollination,1
Lasioglossumimmunitum,Pollinator,pollination,Thymusmastichina,Plant,pollination,1
Lasioglossumimmunitum,Pollinator,pollination,Halimiumcalycinum,Plant,pollination,1
Lasioglossumimmunitum,Pollinator,pollination,Daphnegnidium,Plant,pollination,1
Lasioglossumimmunitum,Pollinator,pollination,Ericaciliaris,Plant,pollination,1
Lasioglossumlittorale,Pollinator,pollination,Cistuslibanotis,Plant,pollination,1
Lasioglossumlittorale,Pollinator,pollination,Armeriavelutina,Plant,pollination,1
Lasioglossumlittorale,Pollinator,pollination,Rosmarinusofficinalis,Plant,pollination,1
Lasioglossumlittorale,Pollinator,pollination,Daphnegnidium,Plant,pollination,1
Lasioglossumlittorale,Pollinator,pollination,Asparagusaphyllus,Plant,pollination,1
Lasioglossumlittorale,Pollinator,pollination,Callunavulgaris,Plant,pollination,1
Lasioglossumlittorale,Pollinator,pollination,Smilaxaspera,Plant,pollination,1
Lasioglossumprasinum,Pollinator,pollination,Cistuslibanotis,Plant,pollination,1
Lasioglossumprasinum,Pollinator,pollination,Halimiumhalimifolium,Plant,pollination,1
Lasioglossumprasinum,Pollinator,pollination,Armeriavelutina,Plant,pollination,1
Lasioglossumprasinum,Pollinator,pollination,Halimiumcalycinum,Plant,pollination,1
Lasioglossumprasinum,Pollinator,pollination,Rubusulmifolius,Plant,pollination,1
Lasioglossumprasinum,Pollinator,pollination,Daphnegnidium,Plant,pollination,1
Lasioglossumprasinum,Pollinator,pollination,Asparagusaphyllus,Plant,pollination,1
Lasioglossumprasinum,Pollinator,pollination,Callunavulgaris,Plant,pollination,1
Lasioglossumprasinum,Pollinator,pollination,Osyrisquadripartita,Plant,pollination,1
Lasioglossumprasinum,Pollinator,pollination,Smilaxaspera,Plant,pollination,1
Lasioglossumpunctatissimum,Pollinator,pollination,Cistuslibanotis,Plant,pollination,1
Lasioglossumpunctatissimum,Pollinator,pollination,H.italicumsubsp.serotinum,Plant,pollination,1
Lasioglossumpunctatissimum,Pollinator,pollination,Thymusmastichina,Plant,pollination,1
Lasioglossumpunctatissimum,Pollinator,pollination,Daphnegnidium,Plant,pollination,1
Lasioglossumpunctatissimum,Pollinator,pollination,Asparagusaphyllus,Plant,pollination,1
Lasioglossumpunctatissimum,Pollinator,pollination,Ericaciliaris,Plant,pollination,1
Lasioglossumpunctatissimum,Pollinator,pollination,Callunavulgaris,Plant,pollination,1
Dasypodaiberica,Pollinator,pollination,Cistuslibanotis,Plant,pollination,1
Lasiusniger,Pollinator,pollination,Cistuslibanotis,Plant,pollination,1
Lasiusniger,Pollinator,pollination,H.italicumsubsp.serotinum,Plant,pollination,1
Lasiusniger,Pollinator,pollination,Armeriavelutina,Plant,pollination,1
Lasiusniger,Pollinator,pollination,Chamaeropshumilis,Plant,pollination,1
Lasiusniger,Pollinator,pollination,Rubusulmifolius,Plant,pollination,1
Lasiusniger,Pollinator,pollination,Asparagusaphyllus,Plant,pollination,1
Lasiusniger,Pollinator,pollination,Smilaxaspera,Plant,pollination,1
Lindeniusluteiventris,Pollinator,pollination,Cistuslibanotis,Plant,pollination,1
Lindeniusluteiventris,Pollinator,pollination,H.italicumsubsp.serotinum,Plant,pollination,1
Tiphiamorio,Pollinator,pollination,Cistuslibanotis,Plant,pollination,1
Tiphiamorio,Pollinator,pollination,Osyrisquadripartita,Plant,pollination,1
Gonepteryxcleopatra(adulto)(Cleopatra),Pollinator,pollination,Cistuslibanotis,Plant,pollination,1
Halimiumhalimifolium,Plant,pollination,Heliotaurusruficollis,Pollinator,pollination,1
Halimiumhalimifolium,Plant,pollination,Bruchidae(NI1),Pollinator,pollination,1
Halimiumhalimifolium,Plant,pollination,A.Dimidiata,Pollinator,pollination,1
Halimiumhalimifolium,Plant,pollination,Acmaeoderasp.,Pollinator,pollination,1
Halimiumhalimifolium,Plant,pollination,Cantharidae(NI2),Pollinator,pollination,1
Halimiumhalimifolium,Plant,pollination,Coptocephalaunifasciata,Pollinator,pollination,1
Halimiumhalimifolium,Plant,pollination,C.scopolina,Pollinator,pollination,1
Halimiumhalimifolium,Plant,pollination,Lobonyxaeneus,Pollinator,pollination,1
Halimiumhalimifolium,Plant,pollination,Anthrenussp.,Pollinator,pollination,1
Halimiumhalimifolium,Plant,pollination,Mylabrissp.,Pollinator,pollination,1
Halimiumhalimifolium,Plant,pollination,Chasmatopterussp.,Pollinator,pollination,1
Halimiumhalimifolium,Plant,pollination,Nitidulidae(NI8),Pollinator,pollination,1
Halimiumhalimifolium,Plant,pollination,Oedemeridae(NI9),Pollinator,pollination,1
Halimiumhalimifolium,Plant,pollination,Phthiriasp.,Pollinator,pollination,1
Halimiumhalimifolium,Plant,pollination,Apismellifera,Pollinator,pollination,1
Halimiumhalimifolium,Plant,pollination,Lasioglossumimmunitum,Pollinator,pollination,1
Halimiumhalimifolium,Plant,pollination,Lasioglossumprasinum,Pollinator,pollination,1
Halimiumhalimifolium,Plant,pollination,Halictus4-cinctus,Pollinator,pollination,1
Bruchidae(NI1),Pollinator,pollination,Halimiumhalimifolium,Plant,pollination,1
A.Dimidiata,Pollinator,pollination,Halimiumhalimifolium,Plant,pollination,1
Acmaeoderasp.,Pollinator,pollination,Halimiumhalimifolium,Plant,pollination,1
Acmaeoderasp.,Pollinator,pollination,H.italicumsubsp.serotinum,Plant,pollination,1
Coptocephalaunifasciata,Pollinator,pollination,Halimiumhalimifolium,Plant,pollination,1
Coptocephalaunifasciata,Pollinator,pollination,Thymusmastichina,Plant,pollination,1
C.scopolina,Pollinator,pollination,Halimiumhalimifolium,Plant,pollination,1
Mylabrissp.,Pollinator,pollination,Halimiumhalimifolium,Plant,pollination,1
Nitidulidae(NI8),Pollinator,pollination,Halimiumhalimifolium,Plant,pollination,1
Nitidulidae(NI8),Pollinator,pollination,Armeriavelutina,Plant,pollination,1
Nitidulidae(NI8),Pollinator,pollination,Thymusmastichina,Plant,pollination,1
Nitidulidae(NI8),Pollinator,pollination,Rubusulmifolius,Plant,pollination,1
Oedemeridae(NI9),Pollinator,pollination,Halimiumhalimifolium,Plant,pollination,1
Halictus4-cinctus,Pollinator,pollination,Halimiumhalimifolium,Plant,pollination,1
Halictus4-cinctus,Pollinator,pollination,H.italicumsubsp.serotinum,Plant,pollination,1
Halictus4-cinctus,Pollinator,pollination,Cistussalvifolius,Plant,pollination,1
Halictus4-cinctus,Pollinator,pollination,Thymusmastichina,Plant,pollination,1
Halictus4-cinctus,Pollinator,pollination,Lavandulastoechas,Plant,pollination,1
Halictus4-cinctus,Pollinator,pollination,Daphnegnidium,Plant,pollination,1
H.italicumsubsp.serotinum,Plant,pollination,Acmaeoderasp.,Pollinator,pollination,1
H.italicumsubsp.serotinum,Plant,pollination,Anthrenussp.,Pollinator,pollination,1
H.italicumsubsp.serotinum,Plant,pollination,Exoprosopaitalica,Pollinator,pollination,1
H.italicumsubsp.serotinum,Plant,pollination,Phthiriasp.,Pollinator,pollination,1
H.italicumsubsp.serotinum,Plant,pollination,Calliphoridae(NI9),Pollinator,pollination,1
H.italicumsubsp.serotinum,Plant,pollination,Sphaerophoriascripta,Pollinator,pollination,1
H.italicumsubsp.serotinum,Plant,pollination,Paragustibialis,Pollinator,pollination,1
H.italicumsubsp.serotinum,Plant,pollination,C.cyanea,Pollinator,pollination,1
H.italicumsubsp.serotinum,Plant,pollination,Colletescaspicussubsp.dusmeti,Pollinator,pollination,1
H.italicumsubsp.serotinum,Plant,pollination,Colletesfodienssubsp.hispanicus,Pollinator,pollination,1
H.italicumsubsp.serotinum,Plant,pollination,Lasioglossumalbocinctum,Pollinator,pollination,1
H.italicumsubsp.serotinum,Plant,pollination,Lasioglossumpunctatissimum,Pollinator,pollination,1
H.italicumsubsp.serotinum,Plant,pollination,Halictus4-cinctus,Pollinator,pollination,1
H.italicumsubsp.serotinum,Plant,pollination,Lasiusniger,Pollinator,pollination,1
H.italicumsubsp.serotinum,Plant,pollination,Pompilidae(NI12),Pollinator,pollination,1
H.italicumsubsp.serotinum,Plant,pollination,Elisvillosa,Pollinator,pollination,1
H.italicumsubsp.serotinum,Plant,pollination,Lindeniusluteiventris,Pollinator,pollination,1
H.italicumsubsp.serotinum,Plant,pollination,Meriatripunctata,Pollinator,pollination,1
H.italicumsubsp.serotinum,Plant,pollination,Plebejusargussubsp.hypochionus(adulto),Pollinator,pollination,1
Exoprosopaitalica,Pollinator,pollination,H.italicumsubsp.serotinum,Plant,pollination,1
Sphaerophoriascripta,Pollinator,pollination,H.italicumsubsp.serotinum,Plant,pollination,1
Sphaerophoriascripta,Pollinator,pollination,Cistussalvifolius,Plant,pollination,1
Sphaerophoriascripta,Pollinator,pollination,Thymusmastichina,Plant,pollination,1
Sphaerophoriascripta,Pollinator,pollination,Daphnegnidium,Plant,pollination,1
Sphaerophoriascripta,Pollinator,pollination,Callunavulgaris,Plant,pollination,1
Paragustibialis,Pollinator,pollination,H.italicumsubsp.serotinum,Plant,pollination,1
C.cyanea,Pollinator,pollination,H.italicumsubsp.serotinum,Plant,pollination,1
C.cyanea,Pollinator,pollination,Daphnegnidium,Plant,pollination,1
C.cyanea,Pollinator,pollination,Asparagusaphyllus,Plant,pollination,1
C.cyanea,Pollinator,pollination,Ericaciliaris,Plant,pollination,1
Colletescaspicussubsp.dusmeti,Pollinator,pollination,H.italicumsubsp.serotinum,Plant,pollination,1
Colletescaspicussubsp.dusmeti,Pollinator,pollination,Daphnegnidium,Plant,pollination,1
Colletescaspicussubsp.dusmeti,Pollinator,pollination,Asparagusaphyllus,Plant,pollination,1
Colletescaspicussubsp.dusmeti,Pollinator,pollination,Callunavulgaris,Plant,pollination,1
Colletesfodienssubsp.hispanicus,Pollinator,pollination,H.italicumsubsp.serotinum,Plant,pollination,1
Lasioglossumalbocinctum,Pollinator,pollination,H.italicumsubsp.serotinum,Plant,pollination,1
Lasioglossumalbocinctum,Pollinator,pollination,Rubusulmifolius,Plant,pollination,1
Lasioglossumalbocinctum,Pollinator,pollination,Lavandulastoechas,Plant,pollination,1
Lasioglossumalbocinctum,Pollinator,pollination,Daphnegnidium,Plant,pollination,1
Pompilidae(NI12),Pollinator,pollination,H.italicumsubsp.serotinum,Plant,pollination,1
Pompilidae(NI12),Pollinator,pollination,Thymusmastichina,Plant,pollination,1
Pompilidae(NI12),Pollinator,pollination,Osyrisquadripartita,Plant,pollination,1
Elisvillosa,Pollinator,pollination,H.italicumsubsp.serotinum,Plant,pollination,1
Elisvillosa,Pollinator,pollination,Thymusmastichina,Plant,pollination,1
Elisvillosa,Pollinator,pollination,Daphnegnidium,Plant,pollination,1
Meriatripunctata,Pollinator,pollination,H.italicumsubsp.serotinum,Plant,pollination,1
Meriatripunctata,Pollinator,pollination,Thymusmastichina,Plant,pollination,1
Meriatripunctata,Pollinator,pollination,Daphnegnidium,Plant,pollination,1
Plebejusargussubsp.hypochionus(adulto),Pollinator,pollination,H.italicumsubsp.serotinum,Plant,pollination,1
Plebejusargussubsp.hypochionus(adulto),Pollinator,pollination,Thymusmastichina,Plant,pollination,1
Plebejusargussubsp.hypochionus(adulto),Pollinator,pollination,Rubusulmifolius,Plant,pollination,1
Cistussalvifolius,Plant,pollination,Malthodessp.,Pollinator,pollination,1
Cistussalvifolius,Plant,pollination,Cantharidae(NI2),Pollinator,pollination,1
Cistussalvifolius,Plant,pollination,Deliussp.,Pollinator,pollination,1
Cistussalvifolius,Plant,pollination,Cerambycidae(NI3),Pollinator,pollination,1
Cistussalvifolius,Plant,pollination,Tropinotasqualida,Pollinator,pollination,1
Cistussalvifolius,Plant,pollination,Lobonyxaeneus,Pollinator,pollination,1
Cistussalvifolius,Plant,pollination,Anthrenussp.,Pollinator,pollination,1
Cistussalvifolius,Plant,pollination,Helodidae(NI5),Pollinator,pollination,1
Cistussalvifolius,Plant,pollination,Malachiussp.,Pollinator,pollination,1
Cistussalvifolius,Plant,pollination,Malachiidae(NI6),Pollinator,pollination,1
Cistussalvifolius,Plant,pollination,Melilidae(NI7),Pollinator,pollination,1
Cistussalvifolius,Plant,pollination,Mordellistenasp.,Pollinator,pollination,1
Cistussalvifolius,Plant,pollination,Conophorusfuminervis,Pollinator,pollination,1
Cistussalvifolius,Plant,pollination,Calliphoridae(NI9),Pollinator,pollination,1
Cistussalvifolius,Plant,pollination,E.pratorum,Pollinator,pollination,1
Cistussalvifolius,Plant,pollination,Sphaerophoriascripta,Pollinator,pollination,1
Cistussalvifolius,Plant,pollination,A.nigroaenea,Pollinator,pollination,1
Cistussalvifolius,Plant,pollination,Andrenasp.,Pollinator,pollination,1
Cistussalvifolius,Plant,pollination,Panurgussp.,Pollinator,pollination,1
Cistussalvifolius,Plant,pollination,Ceratinacucurbitina,Pollinator,pollination,1
Cistussalvifolius,Plant,pollination,Apismellifera,Pollinator,pollination,1
Cistussalvifolius,Plant,pollination,Colletesacutus,Pollinator,pollination,1
Cistussalvifolius,Plant,pollination,Lasioglossumimmunitum,Pollinator,pollination,1
Cistussalvifolius,Plant,pollination,Halictus4-cinctus,Pollinator,pollination,1
Cistussalvifolius,Plant,pollination,Sphecodespellucidus,Pollinator,pollination,1
Cistussalvifolius,Plant,pollination,Camponotuslateralis,Pollinator,pollination,1
Cistussalvifolius,Plant,pollination,Diodontusinsidiosus,Pollinator,pollination,1
Malthodessp.,Pollinator,pollination,Cistussalvifolius,Plant,pollination,1
Cerambycidae(NI3),Pollinator,pollination,Cistussalvifolius,Plant,pollination,1
Tropinotasqualida,Pollinator,pollination,Cistussalvifolius,Plant,pollination,1
Tropinotasqualida,Pollinator,pollination,Rosmarinusofficinalis,Plant,pollination,1
Helodidae(NI5),Pollinator,pollination,Cistussalvifolius,Plant,pollination,1
Malachiidae(NI6),Pollinator,pollination,Cistussalvifolius,Plant,pollination,1
E.pratorum,Pollinator,pollination,Cistussalvifolius,Plant,pollination,1
E.pratorum,Pollinator,pollination,Daphnegnidium,Plant,pollination,1
E.pratorum,Pollinator,pollination,Callunavulgaris,Plant,pollination,1
Andrenasp.,Pollinator,pollination,Cistussalvifolius,Plant,pollination,1
Panurgussp.,Pollinator,pollination,Cistussalvifolius,Plant,pollination,1
Ceratinacucurbitina,Pollinator,pollination,Cistussalvifolius,Plant,pollination,1
Ceratinacucurbitina,Pollinator,pollination,Myrtuscommunis,Plant,pollination,1
Ceratinacucurbitina,Pollinator,pollination,Thymusmastichina,Plant,pollination,1
Ceratinacucurbitina,Pollinator,pollination,Rubusulmifolius,Plant,pollination,1
Ceratinacucurbitina,Pollinator,pollination,Lavandulastoechas,Plant,pollination,1
Ceratinacucurbitina,Pollinator,pollination,Daphnegnidium,Plant,pollination,1
Ceratinacucurbitina,Pollinator,pollination,Callunavulgaris,Plant,pollination,1
Colletesacutus,Pollinator,pollination,Cistussalvifolius,Plant,pollination,1
Colletesacutus,Pollinator,pollination,Armeriavelutina,Plant,pollination,1
Colletesacutus,Pollinator,pollination,Osyrisquadripartita,Plant,pollination,1
Sphecodespellucidus,Pollinator,pollination,Cistussalvifolius,Plant,pollination,1
Camponotuslateralis,Pollinator,pollination,Cistussalvifolius,Plant,pollination,1
Camponotuslateralis,Pollinator,pollination,Chamaeropshumilis,Plant,pollination,1
Diodontusinsidiosus,Pollinator,pollination,Cistussalvifolius,Plant,pollination,1
Myrtuscommunis,Plant,pollination,Cantharidae(NI2),Pollinator,pollination,1
Myrtuscommunis,Plant,pollination,Petrorossiasp.,Pollinator,pollination,1
Myrtuscommunis,Plant,pollination,Amegillafasciata,Pollinator,pollination,1
Myrtuscommunis,Plant,pollination,Ceratinacucurbitina,Pollinator,pollination,1
Myrtuscommunis,Plant,pollination,Megachileleachella,Pollinator,pollination,1
Myrtuscommunis,Plant,pollination,Megachilepilidens,Pollinator,pollination,1
Petrorossiasp.,Pollinator,pollination,Myrtuscommunis,Plant,pollination,1
Petrorossiasp.,Pollinator,pollination,Daphnegnidium,Plant,pollination,1
Amegillafasciata,Pollinator,pollination,Myrtuscommunis,Plant,pollination,1
Amegillafasciata,Pollinator,pollination,Daphnegnidium,Plant,pollination,1
Amegillafasciata,Pollinator,pollination,Asparagusaphyllus,Plant,pollination,1
Amegillafasciata,Pollinator,pollination,Ericaciliaris,Plant,pollination,1
Megachileleachella,Pollinator,pollination,Myrtuscommunis,Plant,pollination,1
Megachilepilidens,Pollinator,pollination,Myrtuscommunis,Plant,pollination,1
Megachilepilidens,Pollinator,pollination,Daphnegnidium,Plant,pollination,1
Megachilepilidens,Pollinator,pollination,Ericaciliaris,Plant,pollination,1
Armeriavelutina,Plant,pollination,Nusteradistigma,Pollinator,pollination,1
Armeriavelutina,Plant,pollination,Palleirafemorata,Pollinator,pollination,1
Armeriavelutina,Plant,pollination,Tychiussp.,Pollinator,pollination,1
Armeriavelutina,Plant,pollination,Anthrenussp.,Pollinator,pollination,1
Armeriavelutina,Plant,pollination,Hymenopliasp.,Pollinator,pollination,1
Armeriavelutina,Plant,pollination,Mordellistenasp.,Pollinator,pollination,1
Armeriavelutina,Plant,pollination,Nitidulidae(NI8),Pollinator,pollination,1
Armeriavelutina,Plant,pollination,Calliphoridae(NI9),Pollinator,pollination,1
Armeriavelutina,Plant,pollination,Eristalistenax,Pollinator,pollination,1
Armeriavelutina,Plant,pollination,Andrenahispania,Pollinator,pollination,1
Armeriavelutina,Plant,pollination,Colletesacutus,Pollinator,pollination,1
Armeriavelutina,Plant,pollination,Lasioglossumimmunitum,Pollinator,pollination,1
Armeriavelutina,Plant,pollination,Lasioglossumlittorale,Pollinator,pollination,1
Armeriavelutina,Plant,pollination,Lasioglossumprasinum,Pollinator,pollination,1
Armeriavelutina,Plant,pollination,Stelissignata,Pollinator,pollination,1
Armeriavelutina,Plant,pollination,Dasypodacingulata,Pollinator,pollination,1
Armeriavelutina,Plant,pollination,Crematogasterauberti,Pollinator,pollination,1
Armeriavelutina,Plant,pollination,Lasiusniger,Pollinator,pollination,1
Armeriavelutina,Plant,pollination,Tapinomasp.,Pollinator,pollination,1
Palleirafemorata,Pollinator,pollination,Armeriavelutina,Plant,pollination,1
Tychiussp.,Pollinator,pollination,Armeriavelutina,Plant,pollination,1
Hymenopliasp.,Pollinator,pollination,Armeriavelutina,Plant,pollination,1
Eristalistenax,Pollinator,pollination,Armeriavelutina,Plant,pollination,1
Eristalistenax,Pollinator,pollination,Rosmarinusofficinalis,Plant,pollination,1
Eristalistenax,Pollinator,pollination,Halimiumcalycinum,Plant,pollination,1
Eristalistenax,Pollinator,pollination,Rubusulmifolius,Plant,pollination,1
Eristalistenax,Pollinator,pollination,Lavandulastoechas,Plant,pollination,1
Eristalistenax,Pollinator,pollination,Daphnegnidium,Plant,pollination,1
Eristalistenax,Pollinator,pollination,Ericaciliaris,Plant,pollination,1
Eristalistenax,Pollinator,pollination,Callunavulgaris,Plant,pollination,1
Eristalistenax,Pollinator,pollination,Ulexparviflorus,Plant,pollination,1
Eristalistenax,Pollinator,pollination,Osyrisquadripartita,Plant,pollination,1
Andrenahispania,Pollinator,pollination,Armeriavelutina,Plant,pollination,1
Andrenahispania,Pollinator,pollination,Rosmarinusofficinalis,Plant,pollination,1
Andrenahispania,Pollinator,pollination,Thymusmastichina,Plant,pollination,1
Andrenahispania,Pollinator,pollination,Rubusulmifolius,Plant,pollination,1
Stelissignata,Pollinator,pollination,Armeriavelutina,Plant,pollination,1
Stelissignata,Pollinator,pollination,Daphnegnidium,Plant,pollination,1
Dasypodacingulata,Pollinator,pollination,Armeriavelutina,Plant,pollination,1
Dasypodacingulata,Pollinator,pollination,Thymusmastichina,Plant,pollination,1
Dasypodacingulata,Pollinator,pollination,Rubusulmifolius,Plant,pollination,1
Dasypodacingulata,Pollinator,pollination,Daphnegnidium,Plant,pollination,1
Crematogasterauberti,Pollinator,pollination,Armeriavelutina,Plant,pollination,1
Tapinomasp.,Pollinator,pollination,Armeriavelutina,Plant,pollination,1
Rosmarinusofficinalis,Plant,pollination,Tropinotasqualida,Pollinator,pollination,1
Rosmarinusofficinalis,Plant,pollination,Bombyliustorquatus,Pollinator,pollination,1
Rosmarinusofficinalis,Plant,pollination,Phthiriasp.,Pollinator,pollination,1
Rosmarinusofficinalis,Plant,pollination,Calliphoridae(NI9),Pollinator,pollination,1
Rosmarinusofficinalis,Plant,pollination,Eristalistenax,Pollinator,pollination,1
Rosmarinusofficinalis,Plant,pollination,E.auricollis,Pollinator,pollination,1
Rosmarinusofficinalis,Plant,pollination,Metasyrphuscorollae,Pollinator,pollination,1
Rosmarinusofficinalis,Plant,pollination,Tachinidae(NI10),Pollinator,pollination,1
Rosmarinusofficinalis,Plant,pollination,Andrenabicolorsubsp.nigrosterna,Pollinator,pollination,1
Rosmarinusofficinalis,Plant,pollination,Andrenahispania,Pollinator,pollination,1
Rosmarinusofficinalis,Plant,pollination,A.squalida,Pollinator,pollination,1
Rosmarinusofficinalis,Plant,pollination,Anthophoradispar,Pollinator,pollination,1
Rosmarinusofficinalis,Plant,pollination,C.mocsaryi,Pollinator,pollination,1
Rosmarinusofficinalis,Plant,pollination,Nomadamutabilis,Pollinator,pollination,1
Rosmarinusofficinalis,Plant,pollination,Tetraloniaberlandi,Pollinator,pollination,1
Rosmarinusofficinalis,Plant,pollination,Xylocopacantabrita,Pollinator,pollination,1
Rosmarinusofficinalis,Plant,pollination,Apismellifera,Pollinator,pollination,1
Rosmarinusofficinalis,Plant,pollination,Lasioglossumlittorale,Pollinator,pollination,1
Rosmarinusofficinalis,Plant,pollination,Lasioglossumsp.,Pollinator,pollination,1
Rosmarinusofficinalis,Plant,pollination,Podaloniatydeisenilis,Pollinator,pollination,1
Rosmarinusofficinalis,Plant,pollination,Lycaenaphlaeas(adulta)(Mantobicolor),Pollinator,pollination,1
Bombyliustorquatus,Pollinator,pollination,Rosmarinusofficinalis,Plant,pollination,1
Bombyliustorquatus,Pollinator,pollination,Halimiumcalycinum,Plant,pollination,1
Bombyliustorquatus,Pollinator,pollination,Lavandulastoechas,Plant,pollination,1
E.auricollis,Pollinator,pollination,Rosmarinusofficinalis,Plant,pollination,1
E.auricollis,Pollinator,pollination,Daphnegnidium,Plant,pollination,1
E.auricollis,Pollinator,pollination,Smilaxaspera,Plant,pollination,1
E.auricollis,Pollinator,pollination,Ulexminor,Plant,pollination,1
Metasyrphuscorollae,Pollinator,pollination,Rosmarinusofficinalis,Plant,pollination,1
Metasyrphuscorollae,Pollinator,pollination,Daphnegnidium,Plant,pollination,1
Metasyrphuscorollae,Pollinator,pollination,Osyrisquadripartita,Plant,pollination,1
Metasyrphuscorollae,Pollinator,pollination,Smilaxaspera,Plant,pollination,1
Metasyrphuscorollae,Pollinator,pollination,Ulexminor,Plant,pollination,1
Tachinidae(NI10),Pollinator,pollination,Rosmarinusofficinalis,Plant,pollination,1
Tachinidae(NI10),Pollinator,pollination,Osyrisalba,Plant,pollination,1
Tachinidae(NI10),Pollinator,pollination,Daphnegnidium,Plant,pollination,1
Tachinidae(NI10),Pollinator,pollination,Ulexparviflorus,Plant,pollination,1
Tachinidae(NI10),Pollinator,pollination,Smilaxaspera,Plant,pollination,1
Andrenabicolorsubsp.nigrosterna,Pollinator,pollination,Rosmarinusofficinalis,Plant,pollination,1
A.squalida,Pollinator,pollination,Rosmarinusofficinalis,Plant,pollination,1
A.squalida,Pollinator,pollination,Halimiumcalycinum,Plant,pollination,1
Anthophoradispar,Pollinator,pollination,Rosmarinusofficinalis,Plant,pollination,1
Anthophoradispar,Pollinator,pollination,Lavandulastoechas,Plant,pollination,1
C.mocsaryi,Pollinator,pollination,Rosmarinusofficinalis,Plant,pollination,1
C.mocsaryi,Pollinator,pollination,Daphnegnidium,Plant,pollination,1
C.mocsaryi,Pollinator,pollination,Ericaciliaris,Plant,pollination,1
Nomadamutabilis,Pollinator,pollination,Rosmarinusofficinalis,Plant,pollination,1
Tetraloniaberlandi,Pollinator,pollination,Rosmarinusofficinalis,Plant,pollination,1
Tetraloniaberlandi,Pollinator,pollination,Lavandulastoechas,Plant,pollination,1
Lasioglossumsp.,Pollinator,pollination,Rosmarinusofficinalis,Plant,pollination,1
Lasioglossumsp.,Pollinator,pollination,Daphnegnidium,Plant,pollination,1
Lasioglossumsp.,Pollinator,pollination,Asparagusaphyllus,Plant,pollination,1
Lasioglossumsp.,Pollinator,pollination,Osyrisquadripartita,Plant,pollination,1
Lasioglossumsp.,Pollinator,pollination,Ulexminor,Plant,pollination,1
Lasioglossumsp.,Pollinator,pollination,Stauracanthusgenistoides,Plant,pollination,1
Podaloniatydeisenilis,Pollinator,pollination,Rosmarinusofficinalis,Plant,pollination,1
Lycaenaphlaeas(adulta)(Mantobicolor),Pollinator,pollination,Rosmarinusofficinalis,Plant,pollination,1
Thymusmastichina,Plant,pollination,Coptocephalaunifasciata,Pollinator,pollination,1
Thymusmastichina,Plant,pollination,Anthrenussp.,Pollinator,pollination,1
Thymusmastichina,Plant,pollination,Nitidulidae(NI8),Pollinator,pollination,1
Thymusmastichina,Plant,pollination,Lomatiainfernalis,Pollinator,pollination,1
Thymusmastichina,Plant,pollination,Phthiriasp.,Pollinator,pollination,1
Thymusmastichina,Plant,pollination,Calliphoridae(NI9),Pollinator,pollination,1
Thymusmastichina,Plant,pollination,Sphaerophoriascripta,Pollinator,pollination,1
Thymusmastichina,Plant,pollination,Sphaerophoriarueppelli,Pollinator,pollination,1
Thymusmastichina,Plant,pollination,Andrenahispania,Pollinator,pollination,1
Thymusmastichina,Plant,pollination,Ceratinacucurbitina,Pollinator,pollination,1
Thymusmastichina,Plant,pollination,Lasioglossumimmunitum,Pollinator,pollination,1
Thymusmastichina,Plant,pollination,Lasioglossumpunctatissimum,Pollinator,pollination,1
Thymusmastichina,Plant,pollination,Halictus4-cinctus,Pollinator,pollination,1
Thymusmastichina,Plant,pollination,Anthidiellumstrigatum,Pollinator,pollination,1
Thymusmastichina,Plant,pollination,Dasypodacingulata,Pollinator,pollination,1
Thymusmastichina,Plant,pollination,Pompilidae(NI12),Pollinator,pollination,1
Thymusmastichina,Plant,pollination,Elisvillosa,Pollinator,pollination,1
Thymusmastichina,Plant,pollination,Cercerisrybiensis,Pollinator,pollination,1
Thymusmastichina,Plant,pollination,Philanthusaff.venustus,Pollinator,pollination,1
Thymusmastichina,Plant,pollination,Meriatripunctata,Pollinator,pollination,1
Thymusmastichina,Plant,pollination,Meriasp.,Pollinator,pollination,1
Thymusmastichina,Plant,pollination,Plebejusargussubsp.hypochionus(adulto),Pollinator,pollination,1
Sphaerophoriarueppelli,Pollinator,pollination,Thymusmastichina,Plant,pollination,1
Anthidiellumstrigatum,Pollinator,pollination,Thymusmastichina,Plant,pollination,1
Anthidiellumstrigatum,Pollinator,pollination,Daphnegnidium,Plant,pollination,1
Cercerisrybiensis,Pollinator,pollination,Thymusmastichina,Plant,pollination,1
Cercerisrybiensis,Pollinator,pollination,Osyrisquadripartita,Plant,pollination,1
Philanthusaff.venustus,Pollinator,pollination,Thymusmastichina,Plant,pollination,1
Meriasp.,Pollinator,pollination,Thymusmastichina,Plant,pollination,1
Meriasp.,Pollinator,pollination,Daphnegnidium,Plant,pollination,1
Meriasp.,Pollinator,pollination,Osyrisquadripartita,Plant,pollination,1
Chamaeropshumilis,Plant,pollination,Curculionidae(NI4),Pollinator,pollination,1
Chamaeropshumilis,Plant,pollination,Camponotuslateralis,Pollinator,pollination,1
Chamaeropshumilis,Plant,pollination,Lasiusniger,Pollinator,pollination,1
Chamaeropshumilis,Plant,pollination,Tapinomaerraticum,Pollinator,pollination,1
Curculionidae(NI4),Pollinator,pollination,Chamaeropshumilis,Plant,pollination,1
Tapinomaerraticum,Pollinator,pollination,Chamaeropshumilis,Plant,pollination,1
Halimiumcalycinum,Plant,pollination,Lobonyxaeneus,Pollinator,pollination,1
Halimiumcalycinum,Plant,pollination,Attagenussp.,Pollinator,pollination,1
Halimiumcalycinum,Plant,pollination,Malachiussp.,Pollinator,pollination,1
Halimiumcalycinum,Plant,pollination,Bombyliustorquatus,Pollinator,pollination,1
Halimiumcalycinum,Plant,pollination,Phthiriasp.,Pollinator,pollination,1
Halimiumcalycinum,Plant,pollination,Calliphoridae(NI9),Pollinator,pollination,1
Halimiumcalycinum,Plant,pollination,Eristalistenax,Pollinator,pollination,1
Halimiumcalycinum,Plant,pollination,Lathyrophtalmusaeneus,Pollinator,pollination,1
Halimiumcalycinum,Plant,pollination,A.squalida,Pollinator,pollination,1
Halimiumcalycinum,Plant,pollination,Apismellifera,Pollinator,pollination,1
Halimiumcalycinum,Plant,pollination,Lasioglossumimmunitum,Pollinator,pollination,1
Halimiumcalycinum,Plant,pollination,Lasioglossumprasinum,Pollinator,pollination,1
Attagenussp.,Pollinator,pollination,Halimiumcalycinum,Plant,pollination,1
Lathyrophtalmusaeneus,Pollinator,pollination,Halimiumcalycinum,Plant,pollination,1
Lathyrophtalmusaeneus,Pollinator,pollination,Daphnegnidium,Plant,pollination,1
H.apeninnumsubsp.stoechadifolium,Plant,pollination,Lobonyxaeneus,Pollinator,pollination,1
H.apeninnumsubsp.stoechadifolium,Plant,pollination,Anthrenussp.,Pollinator,pollination,1
H.apeninnumsubsp.stoechadifolium,Plant,pollination,Mordellistenasp.,Pollinator,pollination,1
Osyrisalba,Plant,pollination,Anthrenussp.,Pollinator,pollination,1
Osyrisalba,Plant,pollination,Mordellistenasp.,Pollinator,pollination,1
Osyrisalba,Plant,pollination,Calliphoridae(NI9),Pollinator,pollination,1
Osyrisalba,Plant,pollination,Tachinidae(NI10),Pollinator,pollination,1
Osyrisalba,Plant,pollination,Lasioglossumpallens,Pollinator,pollination,1
Rubusulmifolius,Plant,pollination,Anthrenussp.,Pollinator,pollination,1
Rubusulmifolius,Plant,pollination,Nitidulidae(NI8),Pollinator,pollination,1
Rubusulmifolius,Plant,pollination,Phthiriasp.,Pollinator,pollination,1
Rubusulmifolius,Plant,pollination,Calliphoridae(NI9),Pollinator,pollination,1
Rubusulmifolius,Plant,pollination,Eristalistenax,Pollinator,pollination,1
Rubusulmifolius,Plant,pollination,Andrenaassimilissubsp.gallica,Pollinator,pollination,1
Rubusulmifolius,Plant,pollination,Andrenahispania,Pollinator,pollination,1
Rubusulmifolius,Plant,pollination,Ceratinacucurbitina,Pollinator,pollination,1
Rubusulmifolius,Plant,pollination,Xylocopacantabrita,Pollinator,pollination,1
Rubusulmifolius,Plant,pollination,Apismellifera,Pollinator,pollination,1
Rubusulmifolius,Plant,pollination,Bombuslucorum,Pollinator,pollination,1
Rubusulmifolius,Plant,pollination,Lasioglossumalbocinctum,Pollinator,pollination,1
Rubusulmifolius,Plant,pollination,Lasioglossumprasinum,Pollinator,pollination,1
Rubusulmifolius,Plant,pollination,Megachilemaritima,Pollinator,pollination,1
Rubusulmifolius,Plant,pollination,Dasypodacingulata,Pollinator,pollination,1
Rubusulmifolius,Plant,pollination,Lasiusniger,Pollinator,pollination,1
Rubusulmifolius,Plant,pollination,Laeosopisroboris(adulto)(moradilladelfresno),Pollinator,pollination,1
Rubusulmifolius,Plant,pollination,Plebejusargussubsp.hypochionus(adulto),Pollinator,pollination,1
Rubusulmifolius,Plant,pollination,Artogeiarapae(adulto)Blanquitadelacol,Pollinator,pollination,1
Lasioglossumpallens,Pollinator,pollination,Osyrisalba,Plant,pollination,1
Andrenaassimilissubsp.gallica,Pollinator,pollination,Rubusulmifolius,Plant,pollination,1
Bombuslucorum,Pollinator,pollination,Rubusulmifolius,Plant,pollination,1
Bombuslucorum,Pollinator,pollination,Lavandulastoechas,Plant,pollination,1
Megachilemaritima,Pollinator,pollination,Rubusulmifolius,Plant,pollination,1
Megachilemaritima,Pollinator,pollination,Ericaciliaris,Plant,pollination,1
Megachilemaritima,Pollinator,pollination,Lonicerapericlymenum,Plant,pollination,1
Laeosopisroboris(adulto)(moradilladelfresno),Pollinator,pollination,Rubusulmifolius,Plant,pollination,1
Laeosopisroboris(adulto)(moradilladelfresno),Pollinator,pollination,Foeniculumvulgare,Plant,pollination,1
Artogeiarapae(adulto)Blanquitadelacol,Pollinator,pollination,Rubusulmifolius,Plant,pollination,1
Artogeiarapae(adulto)Blanquitadelacol,Pollinator,pollination,Daphnegnidium,Plant,pollination,1
Lavandulastoechas,Plant,pollination,Bombyliusargentifrons,Pollinator,pollination,1
Lavandulastoechas,Plant,pollination,Bombyliusater,Pollinator,pollination,1
Lavandulastoechas,Plant,pollination,Bombyliusfulvescens,Pollinator,pollination,1
Lavandulastoechas,Plant,pollination,Bombyliustorquatus,Pollinator,pollination,1
Lavandulastoechas,Plant,pollination,Dischistussenex,Pollinator,pollination,1
Lavandulastoechas,Plant,pollination,Calliphoridae(NI9),Pollinator,pollination,1
Lavandulastoechas,Plant,pollination,Eristalistenax,Pollinator,pollination,1
Lavandulastoechas,Plant,pollination,Anthophoraacervorum,Pollinator,pollination,1
Lavandulastoechas,Plant,pollination,Anthophoradispar,Pollinator,pollination,1
Lavandulastoechas,Plant,pollination,Eucerahispaliensis,Pollinator,pollination,1
Lavandulastoechas,Plant,pollination,Ceratinacucurbitina,Pollinator,pollination,1
Lavandulastoechas,Plant,pollination,Tetraloniaberlandi,Pollinator,pollination,1
Lavandulastoechas,Plant,pollination,Apismellifera,Pollinator,pollination,1
Lavandulastoechas,Plant,pollination,Bombuslucorum,Pollinator,pollination,1
Lavandulastoechas,Plant,pollination,Lasioglossumalbocinctum,Pollinator,pollination,1
Lavandulastoechas,Plant,pollination,Halictus4-cinctus,Pollinator,pollination,1
Lavandulastoechas,Plant,pollination,Polyommatusicarus(adulto)(Dospuntos),Pollinator,pollination,1
Bombyliusargentifrons,Pollinator,pollination,Lavandulastoechas,Plant,pollination,1
Bombyliusfulvescens,Pollinator,pollination,Lavandulastoechas,Plant,pollination,1
Dischistussenex,Pollinator,pollination,Lavandulastoechas,Plant,pollination,1
Anthophoraacervorum,Pollinator,pollination,Lavandulastoechas,Plant,pollination,1
Eucerahispaliensis,Pollinator,pollination,Lavandulastoechas,Plant,pollination,1
Polyommatusicarus(adulto)(Dospuntos),Pollinator,pollination,Lavandulastoechas,Plant,pollination,1
Polyommatusicarus(adulto)(Dospuntos),Pollinator,pollination,Daphnegnidium,Plant,pollination,1
Daphnegnidium,Plant,pollination,Petrorossiasp.,Pollinator,pollination,1
Daphnegnidium,Plant,pollination,Phthiriasp.,Pollinator,pollination,1
Daphnegnidium,Plant,pollination,Calliphoridae(NI9),Pollinator,pollination,1
Daphnegnidium,Plant,pollination,Eristalistenax,Pollinator,pollination,1
Daphnegnidium,Plant,pollination,E.arbustorum,Pollinator,pollination,1
Daphnegnidium,Plant,pollination,E.pratorum,Pollinator,pollination,1
Daphnegnidium,Plant,pollination,Eristalodestaeniops,Pollinator,pollination,1
Daphnegnidium,Plant,pollination,Episyrphusbalteatus,Pollinator,pollination,1
Daphnegnidium,Plant,pollination,E.auricollis,Pollinator,pollination,1
Daphnegnidium,Plant,pollination,Lathyrophtalmusaeneus,Pollinator,pollination,1
Daphnegnidium,Plant,pollination,Lathyrophtalmusquinquelineatus,Pollinator,pollination,1
Daphnegnidium,Plant,pollination,Metasyrphuscorollae,Pollinator,pollination,1
Daphnegnidium,Plant,pollination,Sphaerophoriascripta,Pollinator,pollination,1
Daphnegnidium,Plant,pollination,Volucellaelegans,Pollinator,pollination,1
Daphnegnidium,Plant,pollination,Tachinidae(NI10),Pollinator,pollination,1
Daphnegnidium,Plant,pollination,Amegillafasciata,Pollinator,pollination,1
Daphnegnidium,Plant,pollination,Ceratinacucurbitina,Pollinator,pollination,1
Daphnegnidium,Plant,pollination,C.cyanea,Pollinator,pollination,1
Daphnegnidium,Plant,pollination,C.mocsaryi,Pollinator,pollination,1
Daphnegnidium,Plant,pollination,Xylocopacantabrita,Pollinator,pollination,1
Daphnegnidium,Plant,pollination,Colletescaspicussubsp.dusmeti,Pollinator,pollination,1
Daphnegnidium,Plant,pollination,ColletesSuccincta,Pollinator,pollination,1
Daphnegnidium,Plant,pollination,Lasioglossumaegyptiellum,Pollinator,pollination,1
Daphnegnidium,Plant,pollination,Lasioglossumalbocinctum,Pollinator,pollination,1
Daphnegnidium,Plant,pollination,Lasioglossumcallizonium,Pollinator,pollination,1
Daphnegnidium,Plant,pollination,Lasioglossumimmunitum,Pollinator,pollination,1
Daphnegnidium,Plant,pollination,Lasioglossumlittorale,Pollinator,pollination,1
Daphnegnidium,Plant,pollination,Lasioglossumprasinum,Pollinator,pollination,1
Daphnegnidium,Plant,pollination,Lasioglossumpunctatissimum,Pollinator,pollination,1
Daphnegnidium,Plant,pollination,Lasioglossumsp.,Pollinator,pollination,1
Daphnegnidium,Plant,pollination,Halictus4-cinctus,Pollinator,pollination,1
Daphnegnidium,Plant,pollination,Halictusfulvipes,Pollinator,pollination,1
Daphnegnidium,Plant,pollination,Halictusgemmeus,Pollinator,pollination,1
Daphnegnidium,Plant,pollination,Halictusscabiosa,Pollinator,pollination,1
Daphnegnidium,Plant,pollination,Anthidiellumstrigatum,Pollinator,pollination,1
Daphnegnidium,Plant,pollination,Stelissignata,Pollinator,pollination,1
Daphnegnidium,Plant,pollination,Megachilepilidens,Pollinator,pollination,1
Daphnegnidium,Plant,pollination,Heriadescrenulatus,Pollinator,pollination,1
Daphnegnidium,Plant,pollination,Osmiasp.,Pollinator,pollination,1
Daphnegnidium,Plant,pollination,Dasypodacingulata,Pollinator,pollination,1
Daphnegnidium,Plant,pollination,Eumenesdubius,Pollinator,pollination,1
Daphnegnidium,Plant,pollination,Odynerussp.,Pollinator,pollination,1
Daphnegnidium,Plant,pollination,Eumenidae(NI11),Pollinator,pollination,1
Daphnegnidium,Plant,pollination,Elisvillosa,Pollinator,pollination,1
Daphnegnidium,Plant,pollination,Ammophilaheydeni,Pollinator,pollination,1
Daphnegnidium,Plant,pollination,Bembexflavescens,Pollinator,pollination,1
Daphnegnidium,Plant,pollination,Bembexolivacea,Pollinator,pollination,1
Daphnegnidium,Plant,pollination,Gorytessp.,Pollinator,pollination,1
Daphnegnidium,Plant,pollination,Pryonixkirbii,Pollinator,pollination,1
Daphnegnidium,Plant,pollination,Meriatripunctata,Pollinator,pollination,1
Daphnegnidium,Plant,pollination,Meriasp.,Pollinator,pollination,1
Daphnegnidium,Plant,pollination,Ariciaagestissubsp.cramera(adulto)(Morenaserrana),Pollinator,pollination,1
Daphnegnidium,Plant,pollination,Lampidesboeticus(adulto)(Canelaestriada),Pollinator,pollination,1
Daphnegnidium,Plant,pollination,Polyommatusicarus(adulto)(Dospuntos),Pollinator,pollination,1
Daphnegnidium,Plant,pollination,Leptotespirithous(adulto)(Grisestriada),Pollinator,pollination,1
Daphnegnidium,Plant,pollination,Gegenesnostrodamus(adulto)(Velozdelasrieras),Pollinator,pollination,1
Daphnegnidium,Plant,pollination,Coliascrocea(adulto)(Amarilla),Pollinator,pollination,1
Daphnegnidium,Plant,pollination,Pierisbrassicae(adulto)Blancadelacol,Pollinator,pollination,1
Daphnegnidium,Plant,pollination,Artogeiarapae(adulto)Blanquitadelacol,Pollinator,pollination,1
Daphnegnidium,Plant,pollination,Pontiadaplidice(adulto)(Blanquiverdosa),Pollinator,pollination,1
Daphnegnidium,Plant,pollination,Pyroniacecilia(adulto)(Lobitojaspeado),Pollinator,pollination,1
Daphnegnidium,Plant,pollination,Macroglossumstellatarum,Pollinator,pollination,1
Daphnegnidium,Plant,pollination,Eilemacomplana,Pollinator,pollination,1
Daphnegnidium,Plant,pollination,Rhodometrasacraria,Pollinator,pollination,1
Daphnegnidium,Plant,pollination,NI13,Pollinator,pollination,1
Daphnegnidium,Plant,pollination,Hoplodrinaambigua,Pollinator,pollination,1
Daphnegnidium,Plant,pollination,Agrotisputa,Pollinator,pollination,1
Daphnegnidium,Plant,pollination,Mythimnavitellina,Pollinator,pollination,1
Daphnegnidium,Plant,pollination,Metachrostisdardouinii,Pollinator,pollination,1
Daphnegnidium,Plant,pollination,Metachrostisvelox,Pollinator,pollination,1
Daphnegnidium,Plant,pollination,Heliothisarmigera,Pollinator,pollination,1
Daphnegnidium,Plant,pollination,Heliothisnubigera,Pollinator,pollination,1
Daphnegnidium,Plant,pollination,Heliothispeltigera,Pollinator,pollination,1
Daphnegnidium,Plant,pollination,Cerocalascapulosa,Pollinator,pollination,1
Daphnegnidium,Plant,pollination,Discestrasodae,Pollinator,pollination,1
Daphnegnidium,Plant,pollination,Pechipogoplumigeralis,Pollinator,pollination,1
Daphnegnidium,Plant,pollination,Autographagamma,Pollinator,pollination,1
Daphnegnidium,Plant,pollination,Spodopteraexigua,Pollinator,pollination,1
Daphnegnidium,Plant,pollination,Acrobasisporphyrella,Pollinator,pollination,1
Daphnegnidium,Plant,pollination,Pempeliellaplumbella,Pollinator,pollination,1
Daphnegnidium,Plant,pollination,Psorosabrephiella,Pollinator,pollination,1
Daphnegnidium,Plant,pollination,Psorosagenistella,Pollinator,pollination,1
Daphnegnidium,Plant,pollination,Evergestispolitalis,Pollinator,pollination,1
Daphnegnidium,Plant,pollination,Mecynasp.,Pollinator,pollination,1
Daphnegnidium,Plant,pollination,Palpitaunionalis,Pollinator,pollination,1
Daphnegnidium,Plant,pollination,Udaeamartialis,Pollinator,pollination,1
E.arbustorum,Pollinator,pollination,Daphnegnidium,Plant,pollination,1
Eristalodestaeniops,Pollinator,pollination,Daphnegnidium,Plant,pollination,1
Eristalodestaeniops,Pollinator,pollination,Asparagusaphyllus,Plant,pollination,1
Eristalodestaeniops,Pollinator,pollination,Callunavulgaris,Plant,pollination,1
Episyrphusbalteatus,Pollinator,pollination,Daphnegnidium,Plant,pollination,1
Episyrphusbalteatus,Pollinator,pollination,Callunavulgaris,Plant,pollination,1
Episyrphusbalteatus,Pollinator,pollination,Smilaxaspera,Plant,pollination,1
Lathyrophtalmusquinquelineatus,Pollinator,pollination,Daphnegnidium,Plant,pollination,1
Lathyrophtalmusquinquelineatus,Pollinator,pollination,Callunavulgaris,Plant,pollination,1
Volucellaelegans,Pollinator,pollination,Daphnegnidium,Plant,pollination,1
ColletesSuccincta,Pollinator,pollination,Daphnegnidium,Plant,pollination,1
ColletesSuccincta,Pollinator,pollination,Callunavulgaris,Plant,pollination,1
ColletesSuccincta,Pollinator,pollination,Ulexminor,Plant,pollination,1
Lasioglossumaegyptiellum,Pollinator,pollination,Daphnegnidium,Plant,pollination,1
Lasioglossumcallizonium,Pollinator,pollination,Daphnegnidium,Plant,pollination,1
Halictusfulvipes,Pollinator,pollination,Daphnegnidium,Plant,pollination,1
Halictusgemmeus,Pollinator,pollination,Daphnegnidium,Plant,pollination,1
Halictusscabiosa,Pollinator,pollination,Daphnegnidium,Plant,pollination,1
Heriadescrenulatus,Pollinator,pollination,Daphnegnidium,Plant,pollination,1
Osmiasp.,Pollinator,pollination,Daphnegnidium,Plant,pollination,1
Eumenesdubius,Pollinator,pollination,Daphnegnidium,Plant,pollination,1
Odynerussp.,Pollinator,pollination,Daphnegnidium,Plant,pollination,1
Eumenidae(NI11),Pollinator,pollination,Daphnegnidium,Plant,pollination,1
Eumenidae(NI11),Pollinator,pollination,Asparagusaphyllus,Plant,pollination,1
Eumenidae(NI11),Pollinator,pollination,Callunavulgaris,Plant,pollination,1
Ammophilaheydeni,Pollinator,pollination,Daphnegnidium,Plant,pollination,1
Bembexflavescens,Pollinator,pollination,Daphnegnidium,Plant,pollination,1
Bembexolivacea,Pollinator,pollination,Daphnegnidium,Plant,pollination,1
Gorytessp.,Pollinator,pollination,Daphnegnidium,Plant,pollination,1
Pryonixkirbii,Pollinator,pollination,Daphnegnidium,Plant,pollination,1
Ariciaagestissubsp.cramera(adulto)(Morenaserrana),Pollinator,pollination,Daphnegnidium,Plant,pollination,1
Ariciaagestissubsp.cramera(adulto)(Morenaserrana),Pollinator,pollination,Callunavulgaris,Plant,pollination,1
Lampidesboeticus(adulto)(Canelaestriada),Pollinator,pollination,Daphnegnidium,Plant,pollination,1
Leptotespirithous(adulto)(Grisestriada),Pollinator,pollination,Daphnegnidium,Plant,pollination,1
Leptotespirithous(adulto)(Grisestriada),Pollinator,pollination,Asparagusaphyllus,Plant,pollination,1
Leptotespirithous(adulto)(Grisestriada),Pollinator,pollination,Ericaciliaris,Plant,pollination,1
Leptotespirithous(adulto)(Grisestriada),Pollinator,pollination,Callunavulgaris,Plant,pollination,1
Leptotespirithous(adulto)(Grisestriada),Pollinator,pollination,Smilaxaspera,Plant,pollination,1
Gegenesnostrodamus(adulto)(Velozdelasrieras),Pollinator,pollination,Daphnegnidium,Plant,pollination,1
Gegenesnostrodamus(adulto)(Velozdelasrieras),Pollinator,pollination,Ericaciliaris,Plant,pollination,1
Coliascrocea(adulto)(Amarilla),Pollinator,pollination,Daphnegnidium,Plant,pollination,1
Pierisbrassicae(adulto)Blancadelacol,Pollinator,pollination,Daphnegnidium,Plant,pollination,1
Pontiadaplidice(adulto)(Blanquiverdosa),Pollinator,pollination,Daphnegnidium,Plant,pollination,1
Pyroniacecilia(adulto)(Lobitojaspeado),Pollinator,pollination,Daphnegnidium,Plant,pollination,1
Macroglossumstellatarum,Pollinator,pollination,Daphnegnidium,Plant,pollination,1
Macroglossumstellatarum,Pollinator,pollination,Lonicerapericlymenum,Plant,pollination,1
Eilemacomplana,Pollinator,pollination,Daphnegnidium,Plant,pollination,1
Rhodometrasacraria,Pollinator,pollination,Daphnegnidium,Plant,pollination,1
NI13,Pollinator,pollination,Daphnegnidium,Plant,pollination,1
Hoplodrinaambigua,Pollinator,pollination,Daphnegnidium,Plant,pollination,1
Agrotisputa,Pollinator,pollination,Daphnegnidium,Plant,pollination,1
Mythimnavitellina,Pollinator,pollination,Daphnegnidium,Plant,pollination,1
Metachrostisdardouinii,Pollinator,pollination,Daphnegnidium,Plant,pollination,1
Metachrostisvelox,Pollinator,pollination,Daphnegnidium,Plant,pollination,1
Heliothisarmigera,Pollinator,pollination,Daphnegnidium,Plant,pollination,1
Heliothisnubigera,Pollinator,pollination,Daphnegnidium,Plant,pollination,1
Heliothispeltigera,Pollinator,pollination,Daphnegnidium,Plant,pollination,1
Cerocalascapulosa,Pollinator,pollination,Daphnegnidium,Plant,pollination,1
Discestrasodae,Pollinator,pollination,Daphnegnidium,Plant,pollination,1
Pechipogoplumigeralis,Pollinator,pollination,Daphnegnidium,Plant,pollination,1
Autographagamma,Pollinator,pollination,Daphnegnidium,Plant,pollination,1
Spodopteraexigua,Pollinator,pollination,Daphnegnidium,Plant,pollination,1
Acrobasisporphyrella,Pollinator,pollination,Daphnegnidium,Plant,pollination,1
Pempeliellaplumbella,Pollinator,pollination,Daphnegnidium,Plant,pollination,1
Psorosabrephiella,Pollinator,pollination,Daphnegnidium,Plant,pollination,1
Psorosagenistella,Pollinator,pollination,Daphnegnidium,Plant,pollination,1
Evergestispolitalis,Pollinator,pollination,Daphnegnidium,Plant,pollination,1
Mecynasp.,Pollinator,pollination,Daphnegnidium,Plant,pollination,1
Palpitaunionalis,Pollinator,pollination,Daphnegnidium,Plant,pollination,1
Udaeamartialis,Pollinator,pollination,Daphnegnidium,Plant,pollination,1
Asparagusaphyllus,Plant,pollination,Phthiriasp.,Pollinator,pollination,1
Asparagusaphyllus,Plant,pollination,Calliphoridae(NI9),Pollinator,pollination,1
Asparagusaphyllus,Plant,pollination,Eristalodestaeniops,Pollinator,pollination,1
Asparagusaphyllus,Plant,pollination,Syrittapipiens,Pollinator,pollination,1
Asparagusaphyllus,Plant,pollination,Amegillafasciata,Pollinator,pollination,1
Asparagusaphyllus,Plant,pollination,C.cyanea,Pollinator,pollination,1
Asparagusaphyllus,Plant,pollination,Colletescaspicussubsp.dusmeti,Pollinator,pollination,1
Asparagusaphyllus,Plant,pollination,Lasioglossumlittorale,Pollinator,pollination,1
Asparagusaphyllus,Plant,pollination,Lasioglossumprasinum,Pollinator,pollination,1
Asparagusaphyllus,Plant,pollination,Lasioglossumpunctatissimum,Pollinator,pollination,1
Asparagusaphyllus,Plant,pollination,Lasioglossumsp.,Pollinator,pollination,1
Asparagusaphyllus,Plant,pollination,Halictusseladonia-smaragdulus,Pollinator,pollination,1
Asparagusaphyllus,Plant,pollination,Eumenidae(NI11),Pollinator,pollination,1
Asparagusaphyllus,Plant,pollination,Cataglyphisviatica,Pollinator,pollination,1
Asparagusaphyllus,Plant,pollination,Lasiusniger,Pollinator,pollination,1
Asparagusaphyllus,Plant,pollination,Leptotespirithous(adulto)(Grisestriada),Pollinator,pollination,1
Ericaciliaris,Plant,pollination,Phthiriasp.,Pollinator,pollination,1
Ericaciliaris,Plant,pollination,Eristalistenax,Pollinator,pollination,1
Ericaciliaris,Plant,pollination,Amegillafasciata,Pollinator,pollination,1
Ericaciliaris,Plant,pollination,Amegilla4-fasciata,Pollinator,pollination,1
Ericaciliaris,Plant,pollination,C.cyanea,Pollinator,pollination,1
Ericaciliaris,Plant,pollination,C.mocsaryi,Pollinator,pollination,1
Ericaciliaris,Plant,pollination,Xylocopacantabrita,Pollinator,pollination,1
Ericaciliaris,Plant,pollination,Lasioglossumimmunitum,Pollinator,pollination,1
Ericaciliaris,Plant,pollination,Lasioglossumpunctatissimum,Pollinator,pollination,1
Ericaciliaris,Plant,pollination,Megachilemaritima,Pollinator,pollination,1
Ericaciliaris,Plant,pollination,Megachilepilidens,Pollinator,pollination,1
Ericaciliaris,Plant,pollination,Leptotespirithous(adulto)(Grisestriada),Pollinator,pollination,1
Ericaciliaris,Plant,pollination,Gegenesnostrodamus(adulto)(Velozdelasrieras),Pollinator,pollination,1
Callunavulgaris,Plant,pollination,Phthiriasp.,Pollinator,pollination,1
Callunavulgaris,Plant,pollination,Calliphoridae(NI9),Pollinator,pollination,1
Callunavulgaris,Plant,pollination,Eristalistenax,Pollinator,pollination,1
Callunavulgaris,Plant,pollination,E.pratorum,Pollinator,pollination,1
Callunavulgaris,Plant,pollination,Eristalodestaeniops,Pollinator,pollination,1
Callunavulgaris,Plant,pollination,Episyrphusbalteatus,Pollinator,pollination,1
Callunavulgaris,Plant,pollination,Lathyrophtalmusquinquelineatus,Pollinator,pollination,1
Callunavulgaris,Plant,pollination,Sphaerophoriascripta,Pollinator,pollination,1
Callunavulgaris,Plant,pollination,Epeolusfallax,Pollinator,pollination,1
Callunavulgaris,Plant,pollination,Ceratinacucurbitina,Pollinator,pollination,1
Callunavulgaris,Plant,pollination,Xylocopacantabrita,Pollinator,pollination,1
Callunavulgaris,Plant,pollination,Apismellifera,Pollinator,pollination,1
Callunavulgaris,Plant,pollination,Colletescaspicussubsp.dusmeti,Pollinator,pollination,1
Callunavulgaris,Plant,pollination,ColletesSuccincta,Pollinator,pollination,1
Callunavulgaris,Plant,pollination,Lasioglossumlittorale,Pollinator,pollination,1
Callunavulgaris,Plant,pollination,Lasioglossumprasinum,Pollinator,pollination,1
Callunavulgaris,Plant,pollination,Lasioglossumpunctatissimum,Pollinator,pollination,1
Callunavulgaris,Plant,pollination,Eumenidae(NI11),Pollinator,pollination,1
Callunavulgaris,Plant,pollination,Cercerisarenaria,Pollinator,pollination,1
Callunavulgaris,Plant,pollination,Mellinusarvensis,Pollinator,pollination,1
Callunavulgaris,Plant,pollination,Ariciaagestissubsp.cramera(adulto)(Morenaserrana),Pollinator,pollination,1
Callunavulgaris,Plant,pollination,Leptotespirithous(adulto)(Grisestriada),Pollinator,pollination,1
Syrittapipiens,Pollinator,pollination,Asparagusaphyllus,Plant,pollination,1
Halictusseladonia-smaragdulus,Pollinator,pollination,Asparagusaphyllus,Plant,pollination,1
Cataglyphisviatica,Pollinator,pollination,Asparagusaphyllus,Plant,pollination,1
Amegilla4-fasciata,Pollinator,pollination,Ericaciliaris,Plant,pollination,1
Amegilla4-fasciata,Pollinator,pollination,Lonicerapericlymenum,Plant,pollination,1
Epeolusfallax,Pollinator,pollination,Callunavulgaris,Plant,pollination,1
Cercerisarenaria,Pollinator,pollination,Callunavulgaris,Plant,pollination,1
Cercerisarenaria,Pollinator,pollination,Smilaxaspera,Plant,pollination,1
Mellinusarvensis,Pollinator,pollination,Callunavulgaris,Plant,pollination,1
Ulexparviflorus,Plant,pollination,Calliphoridae(NI9),Pollinator,pollination,1
Ulexparviflorus,Plant,pollination,Eristalistenax,Pollinator,pollination,1
Ulexparviflorus,Plant,pollination,Tachinidae(NI10),Pollinator,pollination,1
Ulexparviflorus,Plant,pollination,Apismellifera,Pollinator,pollination,1
Osyrisquadripartita,Plant,pollination,Calliphoridae(NI9),Pollinator,pollination,1
Osyrisquadripartita,Plant,pollination,Eristalistenax,Pollinator,pollination,1
Osyrisquadripartita,Plant,pollination,Metasyrphuscorollae,Pollinator,pollination,1
Osyrisquadripartita,Plant,pollination,Andrenabimaculata,Pollinator,pollination,1
Osyrisquadripartita,Plant,pollination,Apismellifera,Pollinator,pollination,1
Osyrisquadripartita,Plant,pollination,Colletesacutus,Pollinator,pollination,1
Osyrisquadripartita,Plant,pollination,Lasioglossumprasinum,Pollinator,pollination,1
Osyrisquadripartita,Plant,pollination,Lasioglossumsp.,Pollinator,pollination,1
Osyrisquadripartita,Plant,pollination,Sphecodeshirtellus,Pollinator,pollination,1
Osyrisquadripartita,Plant,pollination,Camponotussicheli,Pollinator,pollination,1
Osyrisquadripartita,Plant,pollination,Pompilidae(NI12),Pollinator,pollination,1
Osyrisquadripartita,Plant,pollination,Cercerisrybiensis,Pollinator,pollination,1
Osyrisquadripartita,Plant,pollination,Philanthustriangulum,Pollinator,pollination,1
Osyrisquadripartita,Plant,pollination,Meriasp.,Pollinator,pollination,1
Osyrisquadripartita,Plant,pollination,Tiphiamorio,Pollinator,pollination,1
Smilaxaspera,Plant,pollination,Calliphoridae(NI9),Pollinator,pollination,1
Smilaxaspera,Plant,pollination,Episyrphusbalteatus,Pollinator,pollination,1
Smilaxaspera,Plant,pollination,E.auricollis,Pollinator,pollination,1
Smilaxaspera,Plant,pollination,Chrysotoxumintermedium,Pollinator,pollination,1
Smilaxaspera,Plant,pollination,Melanostomamellinum,Pollinator,pollination,1
Smilaxaspera,Plant,pollination,Metasyrphuscorollae,Pollinator,pollination,1
Smilaxaspera,Plant,pollination,Tachinidae(NI10),Pollinator,pollination,1
Smilaxaspera,Plant,pollination,Colletessp.,Pollinator,pollination,1
Smilaxaspera,Plant,pollination,Lasioglossumlittorale,Pollinator,pollination,1
Smilaxaspera,Plant,pollination,Lasioglossumprasinum,Pollinator,pollination,1
Smilaxaspera,Plant,pollination,Lasioglossumvillosulum,Pollinator,pollination,1
Smilaxaspera,Plant,pollination,Lasiusniger,Pollinator,pollination,1
Smilaxaspera,Plant,pollination,Cercerisarenaria,Pollinator,pollination,1
Smilaxaspera,Plant,pollination,Leptotespirithous(adulto)(Grisestriada),Pollinator,pollination,1
Ulexminor,Plant,pollination,Calliphoridae(NI9),Pollinator,pollination,1
Ulexminor,Plant,pollination,E.auricollis,Pollinator,pollination,1
Ulexminor,Plant,pollination,Metasyrphuscorollae,Pollinator,pollination,1
Ulexminor,Plant,pollination,Apismellifera,Pollinator,pollination,1
Ulexminor,Plant,pollination,ColletesSuccincta,Pollinator,pollination,1
Ulexminor,Plant,pollination,Lasioglossumsp.,Pollinator,pollination,1
Andrenabimaculata,Pollinator,pollination,Osyrisquadripartita,Plant,pollination,1
Sphecodeshirtellus,Pollinator,pollination,Osyrisquadripartita,Plant,pollination,1
Camponotussicheli,Pollinator,pollination,Osyrisquadripartita,Plant,pollination,1
Camponotussicheli,Pollinator,pollination,Rhamnuslycioides,Plant,pollination,1
Philanthustriangulum,Pollinator,pollination,Osyrisquadripartita,Plant,pollination,1
Chrysotoxumintermedium,Pollinator,pollination,Smilaxaspera,Plant,pollination,1
Melanostomamellinum,Pollinator,pollination,Smilaxaspera,Plant,pollination,1
Colletessp.,Pollinator,pollination,Smilaxaspera,Plant,pollination,1
Colletessp.,Pollinator,pollination,Stauracanthusgenistoides,Plant,pollination,1
Lasioglossumvillosulum,Pollinator,pollination,Smilaxaspera,Plant,pollination,1
Lonicerapericlymenum,Plant,pollination,Amegilla4-fasciata,Pollinator,pollination,1
Lonicerapericlymenum,Plant,pollination,Xylocopacantabrita,Pollinator,pollination,1
Lonicerapericlymenum,Plant,pollination,Xylocopaviolacea,Pollinator,pollination,1
Lonicerapericlymenum,Plant,pollination,Megachilemaritima,Pollinator,pollination,1
Lonicerapericlymenum,Plant,pollination,Macroglossumstellatarum,Pollinator,pollination,1
Xylocopaviolacea,Pollinator,pollination,Lonicerapericlymenum,Plant,pollination,1
Stauracanthusgenistoides,Plant,pollination,Anthophorasp.,Pollinator,pollination,1
Stauracanthusgenistoides,Plant,pollination,Apismellifera,Pollinator,pollination,1
Stauracanthusgenistoides,Plant,pollination,Colletessp.,Pollinator,pollination,1
Stauracanthusgenistoides,Plant,pollination,Lasioglossumsp.,Pollinator,pollination,1
Anthophorasp.,Pollinator,pollination,Stauracanthusgenistoides,Plant,pollination,1
Phillyreaangustifolia,Plant,pollination,Apismellifera,Pollinator,pollination,1
Cytisusgrandiflorus,Plant,pollination,Apismellifera,Pollinator,pollination,1
Rhamnuslycioides,Plant,pollination,Camponotussicheli,Pollinator,pollination,1
Foeniculumvulgare,Plant,pollination,Laeosopisroboris(adulto)(moradilladelfresno),Pollinator,pollination,1
Scirpoidesholoschoenus,Plant,herbivory,PORPHYRIOPORPHYRIO(CALAMON),Herbivore,herbivory,1
Scirpoidesholoschoenus,Plant,herbivory,Damadama(gamo),Herbivore,herbivory,1
Scirpoidesholoschoenus,Plant,herbivory,Cervuselaphus,Herbivore,herbivory,1
Scirpoidesholoschoenus,Plant,herbivory,GALLINULACHLOROPUS(POLLADEAGUA),Herbivore,herbivory,1
PORPHYRIOPORPHYRIO(CALAMON),Herbivore,herbivory,Scirpoidesholoschoenus,Plant,herbivory,1
PORPHYRIOPORPHYRIO(CALAMON),Herbivore,herbivory,Sparganiumerectum,Plant,herbivory,1
PORPHYRIOPORPHYRIO(CALAMON),Herbivore,herbivory,Phalarissp.,Plant,herbivory,1
PORPHYRIOPORPHYRIO(CALAMON),Herbivore,herbivory,Lotussp.,Plant,herbivory,1
PORPHYRIOPORPHYRIO(CALAMON),Herbivore,herbivory,Typhasp.,Plant,herbivory,1
PORPHYRIOPORPHYRIO(CALAMON),Herbivore,herbivory,Carexdivisa,Plant,herbivory,1
PORPHYRIOPORPHYRIO(CALAMON),Herbivore,herbivory,Scirpusmaritimus,Plant,herbivory,1
PORPHYRIOPORPHYRIO(CALAMON),Herbivore,herbivory,Phragmitessp.,Plant,herbivory,1
PORPHYRIOPORPHYRIO(CALAMON),Herbivore,herbivory,Oryzasativa,Plant,herbivory,1
Damadama(gamo),Herbivore,herbivory,Scirpoidesholoschoenus,Plant,herbivory,1
Damadama(gamo),Herbivore,herbivory,Chamaeropshumilis,Plant,herbivory,1
Damadama(gamo),Herbivore,herbivory,Rubusulmifolius,Plant,herbivory,1
Damadama(gamo),Herbivore,herbivory,Scirpusmaritimus,Plant,herbivory,1
Damadama(gamo),Herbivore,herbivory,Cynodondactylon,Plant,herbivory,1
Damadama(gamo),Herbivore,herbivory,Quercussuber,Plant,herbivory,1
Damadama(gamo),Herbivore,herbivory,Pteridiumaquilinum,Plant,herbivory,1
Damadama(gamo),Herbivore,herbivory,Agrostisstolonifera,Plant,herbivory,1
Damadama(gamo),Herbivore,herbivory,Asphodelusaestivus,Plant,herbivory,1
Damadama(gamo),Herbivore,herbivory,Rosmarinusofficinalis,Plant,herbivory,1
Damadama(gamo),Herbivore,herbivory,Typhaangustifolia,Plant,herbivory,1
Damadama(gamo),Herbivore,herbivory,Juncuseffusus,Plant,herbivory,1
Damadama(gamo),Herbivore,herbivory,Plantagocoronopus,Plant,herbivory,1
Damadama(gamo),Herbivore,herbivory,Anagallisarvensis,Plant,herbivory,1
Damadama(gamo),Herbivore,herbivory,Xolanthaguttata,Plant,herbivory,1
Damadama(gamo),Herbivore,herbivory,Halimiumhalimifolium,Plant,herbivory,1
Damadama(gamo),Herbivore,herbivory,Juncusmaritimus,Plant,herbivory,1
Damadama(gamo),Herbivore,herbivory,Cistussalvifolius,Plant,herbivory,1
Damadama(gamo),Herbivore,herbivory,Panicumrepens,Plant,herbivory,1
Damadama(gamo),Herbivore,herbivory,Pistacialentiscus,Plant,herbivory,1
Damadama(gamo),Herbivore,herbivory,Rumexbucephalophorus,Plant,herbivory,1
Damadama(gamo),Herbivore,herbivory,Malvaparviflora,Plant,herbivory,1
Damadama(gamo),Herbivore,herbivory,Brizamaxima,Plant,herbivory,1
Damadama(gamo),Herbivore,herbivory,Cyperuslongus,Plant,herbivory,1
Damadama(gamo),Herbivore,herbivory,Sarcocorniaperennis,Plant,herbivory,1
Damadama(gamo),Herbivore,herbivory,Pyrusbourgaeana,Plant,herbivory,1
Damadama(gamo),Herbivore,herbivory,Hydrocotylevulgaris,Plant,herbivory,1
Damadama(gamo),Herbivore,herbivory,Vulpiaalopecurus,Plant,herbivory,1
Damadama(gamo),Herbivore,herbivory,Scirpussetaceus,Plant,herbivory,1
Damadama(gamo),Herbivore,herbivory,Chamaemelummixtum,Plant,herbivory,1
Damadama(gamo),Herbivore,herbivory,Juncusheterophyllus,Plant,herbivory,1
Damadama(gamo),Herbivore,herbivory,Hordeummarinum,Plant,herbivory,1
Damadama(gamo),Herbivore,herbivory,Ulexaustralis,Plant,herbivory,1
Damadama(gamo),Herbivore,herbivory,Anthoxanthumovatum,Plant,herbivory,1
Damadama(gamo),Herbivore,herbivory,Ericaciliaris,Plant,herbivory,1
Damadama(gamo),Herbivore,herbivory,Ranunculuspeltatussubsp.baudotii,Plant,herbivory,1
Damadama(gamo),Herbivore,herbivory,Trifoliumrepens,Plant,herbivory,1
Damadama(gamo),Herbivore,herbivory,Carexdistans,Plant,herbivory,1
Damadama(gamo),Herbivore,herbivory,Bromusdiandrus,Plant,herbivory,1
Damadama(gamo),Herbivore,herbivory,Eleocharispalustris,Plant,herbivory,1
Damadama(gamo),Herbivore,herbivory,Seneciojacobaea,Plant,herbivory,1
Damadama(gamo),Herbivore,herbivory,Poaannua,Plant,herbivory,1
Damadama(gamo),Herbivore,herbivory,Potamogetonpolygonifolius,Plant,herbivory,1
Damadama(gamo),Herbivore,herbivory,Leontodontaraxacoides,Plant,herbivory,1
Damadama(gamo),Herbivore,herbivory,Lagurusovatus,Plant,herbivory,1
Damadama(gamo),Herbivore,herbivory,Avenalongiglumis,Plant,herbivory,1
Damadama(gamo),Herbivore,herbivory,Glyceriadeclinata,Plant,herbivory,1
Damadama(gamo),Herbivore,herbivory,Salixalba,Plant,herbivory,1
Damadama(gamo),Herbivore,herbivory,Crataegusmonogyna,Plant,herbivory,1
Damadama(gamo),Herbivore,herbivory,Hypericumelodes,Plant,herbivory,1
Damadama(gamo),Herbivore,herbivory,Callitricheplatycarpa,Plant,herbivory,1
Damadama(gamo),Herbivore,herbivory,Carduuspycnocephalus,Plant,herbivory,1
Damadama(gamo),Herbivore,herbivory,Lathyrusannuus,Plant,herbivory,1
Damadama(gamo),Herbivore,herbivory,Lepiotasp.,Plant,herbivory,1
Damadama(gamo),Herbivore,herbivory,Juncusstriatus,Plant,herbivory,1
Cervuselaphus,Herbivore,herbivory,Scirpoidesholoschoenus,Plant,herbivory,1
Cervuselaphus,Herbivore,herbivory,Carexdivisa,Plant,herbivory,1
Cervuselaphus,Herbivore,herbivory,Chamaeropshumilis,Plant,herbivory,1
Cervuselaphus,Herbivore,herbivory,Rubusulmifolius,Plant,herbivory,1
Cervuselaphus,Herbivore,herbivory,Scirpusmaritimus,Plant,herbivory,1
Cervuselaphus,Herbivore,herbivory,Cynodondactylon,Plant,herbivory,1
Cervuselaphus,Herbivore,herbivory,Quercussuber,Plant,herbivory,1
Cervuselaphus,Herbivore,herbivory,Pteridiumaquilinum,Plant,herbivory,1
Cervuselaphus,Herbivore,herbivory,Agrostisstolonifera,Plant,herbivory,1
Cervuselaphus,Herbivore,herbivory,Asphodelusaestivus,Plant,herbivory,1
Cervuselaphus,Herbivore,herbivory,Rosmarinusofficinalis,Plant,herbivory,1
Cervuselaphus,Herbivore,herbivory,Typhaangustifolia,Plant,herbivory,1
Cervuselaphus,Herbivore,herbivory,Juncuseffusus,Plant,herbivory,1
Cervuselaphus,Herbivore,herbivory,Anagallisarvensis,Plant,herbivory,1
Cervuselaphus,Herbivore,herbivory,Halimiumhalimifolium,Plant,herbivory,1
Cervuselaphus,Herbivore,herbivory,Juncusmaritimus,Plant,herbivory,1
Cervuselaphus,Herbivore,herbivory,Cistussalvifolius,Plant,herbivory,1
Cervuselaphus,Herbivore,herbivory,Panicumrepens,Plant,herbivory,1
Cervuselaphus,Herbivore,herbivory,Pistacialentiscus,Plant,herbivory,1
Cervuselaphus,Herbivore,herbivory,Rumexbucephalophorus,Plant,herbivory,1
Cervuselaphus,Herbivore,herbivory,Malvaparviflora,Plant,herbivory,1
Cervuselaphus,Herbivore,herbivory,Brizamaxima,Plant,herbivory,1
Cervuselaphus,Herbivore,herbivory,Cyperuslongus,Plant,herbivory,1
Cervuselaphus,Herbivore,herbivory,Sarcocorniaperennis,Plant,herbivory,1
Cervuselaphus,Herbivore,herbivory,Pyrusbourgaeana,Plant,herbivory,1
Cervuselaphus,Herbivore,herbivory,Hydrocotylevulgaris,Plant,herbivory,1
Cervuselaphus,Herbivore,herbivory,Vulpiaalopecurus,Plant,herbivory,1
Cervuselaphus,Herbivore,herbivory,Scirpussetaceus,Plant,herbivory,1
Cervuselaphus,Herbivore,herbivory,Chamaemelummixtum,Plant,herbivory,1
Cervuselaphus,Herbivore,herbivory,Juncusheterophyllus,Plant,herbivory,1
Cervuselaphus,Herbivore,herbivory,Hordeummarinum,Plant,herbivory,1
Cervuselaphus,Herbivore,herbivory,Lepiotasp.,Plant,herbivory,1
Cervuselaphus,Herbivore,herbivory,Phillyreaangustifolia,Plant,herbivory,1
Cervuselaphus,Herbivore,herbivory,Cytinushypocistis,Plant,herbivory,1
Cervuselaphus,Herbivore,herbivory,Oleaeuropaeavar.sylvestris,Plant,herbivory,1
Cervuselaphus,Herbivore,herbivory,Arbutusunedo,Plant,herbivory,1
Cervuselaphus,Herbivore,herbivory,Ericascoparia,Plant,herbivory,1
Cervuselaphus,Herbivore,herbivory,Halimiumcalycinum,Plant,herbivory,1
Cervuselaphus,Herbivore,herbivory,Stauracanthusgenistoides,Plant,herbivory,1
Cervuselaphus,Herbivore,herbivory,Ulexminor,Plant,herbivory,1
Cervuselaphus,Herbivore,herbivory,Callunavulgaris,Plant,herbivory,1
Cervuselaphus,Herbivore,herbivory,Myrtuscommunis,Plant,herbivory,1
Cervuselaphus,Herbivore,herbivory,Thymusmastichina,Plant,herbivory,1
Cervuselaphus,Herbivore,herbivory,Ranunculusbulbosus,Plant,herbivory,1
Cervuselaphus,Herbivore,herbivory,Juniperusoxycedrussubsp.macrocarpa,Plant,herbivory,1
Cervuselaphus,Herbivore,herbivory,Osyrisalba,Plant,herbivory,1
Cervuselaphus,Herbivore,herbivory,Cytisusgrandiflorus,Plant,herbivory,1
Cervuselaphus,Herbivore,herbivory,Genistatriacanthos,Plant,herbivory,1
Cervuselaphus,Herbivore,herbivory,Armeriapungens,Plant,herbivory,1
Cervuselaphus,Herbivore,herbivory,Poatrivialis,Plant,herbivory,1
GALLINULACHLOROPUS(POLLADEAGUA),Herbivore,herbivory,Scirpoidesholoschoenus,Plant,herbivory,1
GALLINULACHLOROPUS(POLLADEAGUA),Herbivore,herbivory,Typhasp.,Plant,herbivory,1
GALLINULACHLOROPUS(POLLADEAGUA),Herbivore,herbivory,Leontodontaraxacoides,Plant,herbivory,1
GALLINULACHLOROPUS(POLLADEAGUA),Herbivore,herbivory,Oryzasativa,Plant,herbivory,1
GALLINULACHLOROPUS(POLLADEAGUA),Herbivore,herbivory,Myriophyllumverticillatum,Plant,herbivory,1
GALLINULACHLOROPUS(POLLADEAGUA),Herbivore,herbivory,Ceratophyllumdemersum,Plant,herbivory,1
GALLINULACHLOROPUS(POLLADEAGUA),Herbivore,herbivory,Carexsp.,Plant,herbivory,1
GALLINULACHLOROPUS(POLLADEAGUA),Herbivore,herbivory,Scirpuslacustrissubsp.lacustris,Plant,herbivory,1
GALLINULACHLOROPUS(POLLADEAGUA),Herbivore,herbivory,Paspalumsp.,Plant,herbivory,1
GALLINULACHLOROPUS(POLLADEAGUA),Herbivore,herbivory,Glyceriasp.,Plant,herbivory,1
Sparganiumerectum,Plant,herbivory,PORPHYRIOPORPHYRIO(CALAMON),Herbivore,herbivory,1
Phalarissp.,Plant,herbivory,PORPHYRIOPORPHYRIO(CALAMON),Herbivore,herbivory,1
Lotussp.,Plant,herbivory,PORPHYRIOPORPHYRIO(CALAMON),Herbivore,herbivory,1
Lotussp.,Plant,herbivory,Testudograeca(Tortugamora),Herbivore,herbivory,1
Typhasp.,Plant,herbivory,PORPHYRIOPORPHYRIO(CALAMON),Herbivore,herbivory,1
Typhasp.,Plant,herbivory,GALLINULACHLOROPUS(POLLADEAGUA),Herbivore,herbivory,1
Carexdivisa,Plant,herbivory,PORPHYRIOPORPHYRIO(CALAMON),Herbivore,herbivory,1
Carexdivisa,Plant,herbivory,Cervuselaphus,Herbivore,herbivory,1
Carexdivisa,Plant,herbivory,Testudograeca(Tortugamora),Herbivore,herbivory,1
Scirpusmaritimus,Plant,herbivory,PORPHYRIOPORPHYRIO(CALAMON),Herbivore,herbivory,1
Scirpusmaritimus,Plant,herbivory,Damadama(gamo),Herbivore,herbivory,1
Scirpusmaritimus,Plant,herbivory,Cervuselaphus,Herbivore,herbivory,1
Scirpusmaritimus,Plant,herbivory,Susscrofa(jabali),Herbivore,herbivory,1
Scirpusmaritimus,Plant,herbivory,Lepuscapensis(Liebre),Herbivore,herbivory,1
Scirpusmaritimus,Plant,herbivory,Procambarusclarkii,Herbivore,herbivory,1
Scirpusmaritimus,Plant,herbivory,Testudograeca(Tortugamora),Herbivore,herbivory,1
Scirpusmaritimus,Plant,herbivory,ARDEAPURPUREA(GARZAIMPERIAL),Herbivore,herbivory,1
Scirpusmaritimus,Plant,herbivory,Anseranser(Gansocomun),Herbivore,herbivory,1
Scirpusmaritimus,Plant,herbivory,Burhinusoedicnemus(Alcaravan),Herbivore,herbivory,1
Scirpusmaritimus,Plant,herbivory,Cyphosomalawsoniae,Herbivore,herbivory,1
Phragmitessp.,Plant,herbivory,PORPHYRIOPORPHYRIO(CALAMON),Herbivore,herbivory,1
Oryzasativa,Plant,herbivory,PORPHYRIOPORPHYRIO(CALAMON),Herbivore,herbivory,1
Oryzasativa,Plant,herbivory,GALLINULACHLOROPUS(POLLADEAGUA),Herbivore,herbivory,1
Testudograeca(Tortugamora),Herbivore,herbivory,Lotussp.,Plant,herbivory,1
Testudograeca(Tortugamora),Herbivore,herbivory,Carexdivisa,Plant,herbivory,1
Testudograeca(Tortugamora),Herbivore,herbivory,Scirpusmaritimus,Plant,herbivory,1
Testudograeca(Tortugamora),Herbivore,herbivory,Cynodondactylon,Plant,herbivory,1
Testudograeca(Tortugamora),Herbivore,herbivory,Pteridiumaquilinum,Plant,herbivory,1
Testudograeca(Tortugamora),Herbivore,herbivory,Anagallisarvensis,Plant,herbivory,1
Testudograeca(Tortugamora),Herbivore,herbivory,Halimiumhalimifolium,Plant,herbivory,1
Testudograeca(Tortugamora),Herbivore,herbivory,Rumexbucephalophorus,Plant,herbivory,1
Testudograeca(Tortugamora),Herbivore,herbivory,Chamaemelummixtum,Plant,herbivory,1
Testudograeca(Tortugamora),Herbivore,herbivory,Anthoxanthumovatum,Plant,herbivory,1
Testudograeca(Tortugamora),Herbivore,herbivory,Leontodontaraxacoides,Plant,herbivory,1
Testudograeca(Tortugamora),Herbivore,herbivory,Rumexsp.,Plant,herbivory,1
Testudograeca(Tortugamora),Herbivore,herbivory,Trifoliumsp.,Plant,herbivory,1
Testudograeca(Tortugamora),Herbivore,herbivory,Evaxpygmaea,Plant,herbivory,1
Testudograeca(Tortugamora),Herbivore,herbivory,Hypochaerisglabra,Plant,herbivory,1
Testudograeca(Tortugamora),Herbivore,herbivory,Leontodonmaroccanus,Plant,herbivory,1
Testudograeca(Tortugamora),Herbivore,herbivory,Lotussubbiflorus,Plant,herbivory,1
Testudograeca(Tortugamora),Herbivore,herbivory,Ononissp.,Plant,herbivory,1
Testudograeca(Tortugamora),Herbivore,herbivory,Ornithopussp.,Plant,herbivory,1
Testudograeca(Tortugamora),Herbivore,herbivory,Chaetopogonfasciculatus,Plant,herbivory,1
Testudograeca(Tortugamora),Herbivore,herbivory,Loeflingiabaetica,Plant,herbivory,1
Testudograeca(Tortugamora),Herbivore,herbivory,Saginaapetala,Plant,herbivory,1
Testudograeca(Tortugamora),Herbivore,herbivory,Malcolmialacera,Plant,herbivory,1
Testudograeca(Tortugamora),Herbivore,herbivory,Teesdaliacoronopifolia,Plant,herbivory,1
Testudograeca(Tortugamora),Herbivore,herbivory,Scillaperuviana,Plant,herbivory,1
Testudograeca(Tortugamora),Herbivore,herbivory,Urgineamaritima,Plant,herbivory,1
Testudograeca(Tortugamora),Herbivore,herbivory,Ranunculussp.,Plant,herbivory,1
Testudograeca(Tortugamora),Herbivore,herbivory,Lemnaminor,Plant,herbivory,1
Testudograeca(Tortugamora),Herbivore,herbivory,Armeriagaditana,Plant,herbivory,1
Testudograeca(Tortugamora),Herbivore,herbivory,Lavandulastoechas,Plant,herbivory,1
Testudograeca(Tortugamora),Herbivore,herbivory,Linariasp.,Plant,herbivory,1
Testudograeca(Tortugamora),Herbivore,herbivory,Pseudoscabiosadiandra,Plant,herbivory,1
Testudograeca(Tortugamora),Herbivore,herbivory,Serapiaslingua,Plant,herbivory,1
Testudograeca(Tortugamora),Herbivore,herbivory,Echiumsp.,Plant,herbivory,1
Chamaeropshumilis,Plant,herbivory,Damadama(gamo),Herbivore,herbivory,1
Chamaeropshumilis,Plant,herbivory,Cervuselaphus,Herbivore,herbivory,1
Chamaeropshumilis,Plant,herbivory,Lepuscapensis(Liebre),Herbivore,herbivory,1
Lepuscapensis(Liebre),Herbivore,herbivory,Chamaeropshumilis,Plant,herbivory,1
Lepuscapensis(Liebre),Herbivore,herbivory,Scirpusmaritimus,Plant,herbivory,1
Lepuscapensis(Liebre),Herbivore,herbivory,Cynodondactylon,Plant,herbivory,1
Lepuscapensis(Liebre),Herbivore,herbivory,Rosmarinusofficinalis,Plant,herbivory,1
Lepuscapensis(Liebre),Herbivore,herbivory,Juncusmaritimus,Plant,herbivory,1
Lepuscapensis(Liebre),Herbivore,herbivory,Panicumrepens,Plant,herbivory,1
Lepuscapensis(Liebre),Herbivore,herbivory,Rumexbucephalophorus,Plant,herbivory,1
Lepuscapensis(Liebre),Herbivore,herbivory,Hordeummarinum,Plant,herbivory,1
Lepuscapensis(Liebre),Herbivore,herbivory,Stauracanthusgenistoides,Plant,herbivory,1
Lepuscapensis(Liebre),Herbivore,herbivory,Loliumsp.,Plant,herbivory,1
Lepuscapensis(Liebre),Herbivore,herbivory,Bromussp.,Plant,herbivory,1
Lepuscapensis(Liebre),Herbivore,herbivory,Seneciosp.,Plant,herbivory,1
Lepuscapensis(Liebre),Herbivore,herbivory,Cressacretica,Plant,herbivory,1
Lepuscapensis(Liebre),Herbivore,herbivory,Rumexsp.,Plant,herbivory,1
Lepuscapensis(Liebre),Herbivore,herbivory,Artemisiacampestris,Plant,herbivory,1
Lepuscapensis(Liebre),Herbivore,herbivory,Ammophilaarenaria,Plant,herbivory,1
Lepuscapensis(Liebre),Herbivore,herbivory,Frankenialaevis,Plant,herbivory,1
Lepuscapensis(Liebre),Herbivore,herbivory,Coremaalbum,Plant,herbivory,1
Lepuscapensis(Liebre),Herbivore,herbivory,Tolpisbarbata,Plant,herbivory,1
Lepuscapensis(Liebre),Herbivore,herbivory,Eleocharis(multicaulisopalustris),Plant,herbivory,1
Lepuscapensis(Liebre),Herbivore,herbivory,Plantagosp.,Plant,herbivory,1
Lepuscapensis(Liebre),Herbivore,herbivory,Paspalumvaginatum,Plant,herbivory,1
Lepuscapensis(Liebre),Herbivore,herbivory,Malcolmiasp.,Plant,herbivory,1
Lepuscapensis(Liebre),Herbivore,herbivory,Anthemismixta,Plant,herbivory,1
Lepuscapensis(Liebre),Herbivore,herbivory,Trifoliumsp.,Plant,herbivory,1
Lepuscapensis(Liebre),Herbivore,herbivory,Polypogonmaritimus,Plant,herbivory,1
Lepuscapensis(Liebre),Herbivore,herbivory,Phragmitesaustralis,Plant,herbivory,1
Rubusulmifolius,Plant,herbivory,Damadama(gamo),Herbivore,herbivory,1
Rubusulmifolius,Plant,herbivory,Cervuselaphus,Herbivore,herbivory,1
Rubusulmifolius,Plant,herbivory,Susscrofa(jabali),Herbivore,herbivory,1
Rubusulmifolius,Plant,herbivory,Procambarusclarkii,Herbivore,herbivory,1
Rubusulmifolius,Plant,herbivory,Genettagenetta(Gineta),Herbivore,herbivory,1
Cynodondactylon,Plant,herbivory,Damadama(gamo),Herbivore,herbivory,1
Cynodondactylon,Plant,herbivory,Cervuselaphus,Herbivore,herbivory,1
Cynodondactylon,Plant,herbivory,Susscrofa(jabali),Herbivore,herbivory,1
Cynodondactylon,Plant,herbivory,Lepuscapensis(Liebre),Herbivore,herbivory,1
Cynodondactylon,Plant,herbivory,Testudograeca(Tortugamora),Herbivore,herbivory,1
Quercussuber,Plant,herbivory,Damadama(gamo),Herbivore,herbivory,1
Quercussuber,Plant,herbivory,Cervuselaphus,Herbivore,herbivory,1
Quercussuber,Plant,herbivory,Susscrofa(jabali),Herbivore,herbivory,1
Pteridiumaquilinum,Plant,herbivory,Damadama(gamo),Herbivore,herbivory,1
Pteridiumaquilinum,Plant,herbivory,Cervuselaphus,Herbivore,herbivory,1
Pteridiumaquilinum,Plant,herbivory,Susscrofa(jabali),Herbivore,herbivory,1
Pteridiumaquilinum,Plant,herbivory,Testudograeca(Tortugamora),Herbivore,herbivory,1
Agrostisstolonifera,Plant,herbivory,Damadama(gamo),Herbivore,herbivory,1
Agrostisstolonifera,Plant,herbivory,Cervuselaphus,Herbivore,herbivory,1
Agrostisstolonifera,Plant,herbivory,Susscrofa(jabali),Herbivore,herbivory,1
Asphodelusaestivus,Plant,herbivory,Damadama(gamo),Herbivore,herbivory,1
Asphodelusaestivus,Plant,herbivory,Cervuselaphus,Herbivore,herbivory,1
Asphodelusaestivus,Plant,herbivory,Susscrofa(jabali),Herbivore,herbivory,1
Rosmarinusofficinalis,Plant,herbivory,Damadama(gamo),Herbivore,herbivory,1
Rosmarinusofficinalis,Plant,herbivory,Cervuselaphus,Herbivore,herbivory,1
Rosmarinusofficinalis,Plant,herbivory,Susscrofa(jabali),Herbivore,herbivory,1
Rosmarinusofficinalis,Plant,herbivory,Lepuscapensis(Liebre),Herbivore,herbivory,1
Typhaangustifolia,Plant,herbivory,Damadama(gamo),Herbivore,herbivory,1
Typhaangustifolia,Plant,herbivory,Cervuselaphus,Herbivore,herbivory,1
Typhaangustifolia,Plant,herbivory,Susscrofa(jabali),Herbivore,herbivory,1
Juncuseffusus,Plant,herbivory,Damadama(gamo),Herbivore,herbivory,1
Juncuseffusus,Plant,herbivory,Cervuselaphus,Herbivore,herbivory,1
Juncuseffusus,Plant,herbivory,Susscrofa(jabali),Herbivore,herbivory,1
Plantagocoronopus,Plant,herbivory,Damadama(gamo),Herbivore,herbivory,1
Plantagocoronopus,Plant,herbivory,Susscrofa(jabali),Herbivore,herbivory,1
Anagallisarvensis,Plant,herbivory,Damadama(gamo),Herbivore,herbivory,1
Anagallisarvensis,Plant,herbivory,Cervuselaphus,Herbivore,herbivory,1
Anagallisarvensis,Plant,herbivory,Susscrofa(jabali),Herbivore,herbivory,1
Anagallisarvensis,Plant,herbivory,Testudograeca(Tortugamora),Herbivore,herbivory,1
Xolanthaguttata,Plant,herbivory,Damadama(gamo),Herbivore,herbivory,1
Xolanthaguttata,Plant,herbivory,Susscrofa(jabali),Herbivore,herbivory,1
Halimiumhalimifolium,Plant,herbivory,Damadama(gamo),Herbivore,herbivory,1
Halimiumhalimifolium,Plant,herbivory,Cervuselaphus,Herbivore,herbivory,1
Halimiumhalimifolium,Plant,herbivory,Susscrofa(jabali),Herbivore,herbivory,1
Halimiumhalimifolium,Plant,herbivory,Testudograeca(Tortugamora),Herbivore,herbivory,1
Juncusmaritimus,Plant,herbivory,Damadama(gamo),Herbivore,herbivory,1
Juncusmaritimus,Plant,herbivory,Cervuselaphus,Herbivore,herbivory,1
Juncusmaritimus,Plant,herbivory,Susscrofa(jabali),Herbivore,herbivory,1
Juncusmaritimus,Plant,herbivory,Lepuscapensis(Liebre),Herbivore,herbivory,1
Cistussalvifolius,Plant,herbivory,Damadama(gamo),Herbivore,herbivory,1
Cistussalvifolius,Plant,herbivory,Cervuselaphus,Herbivore,herbivory,1
Panicumrepens,Plant,herbivory,Damadama(gamo),Herbivore,herbivory,1
Panicumrepens,Plant,herbivory,Cervuselaphus,Herbivore,herbivory,1
Panicumrepens,Plant,herbivory,Lepuscapensis(Liebre),Herbivore,herbivory,1
Pistacialentiscus,Plant,herbivory,Damadama(gamo),Herbivore,herbivory,1
Pistacialentiscus,Plant,herbivory,Cervuselaphus,Herbivore,herbivory,1
Rumexbucephalophorus,Plant,herbivory,Damadama(gamo),Herbivore,herbivory,1
Rumexbucephalophorus,Plant,herbivory,Cervuselaphus,Herbivore,herbivory,1
Rumexbucephalophorus,Plant,herbivory,Lepuscapensis(Liebre),Herbivore,herbivory,1
Rumexbucephalophorus,Plant,herbivory,Testudograeca(Tortugamora),Herbivore,herbivory,1
Malvaparviflora,Plant,herbivory,Damadama(gamo),Herbivore,herbivory,1
Malvaparviflora,Plant,herbivory,Cervuselaphus,Herbivore,herbivory,1
Brizamaxima,Plant,herbivory,Damadama(gamo),Herbivore,herbivory,1
Brizamaxima,Plant,herbivory,Cervuselaphus,Herbivore,herbivory,1
Cyperuslongus,Plant,herbivory,Damadama(gamo),Herbivore,herbivory,1
Cyperuslongus,Plant,herbivory,Cervuselaphus,Herbivore,herbivory,1
Sarcocorniaperennis,Plant,herbivory,Damadama(gamo),Herbivore,herbivory,1
Sarcocorniaperennis,Plant,herbivory,Cervuselaphus,Herbivore,herbivory,1
Pyrusbourgaeana,Plant,herbivory,Damadama(gamo),Herbivore,herbivory,1
Pyrusbourgaeana,Plant,herbivory,Cervuselaphus,Herbivore,herbivory,1
Hydrocotylevulgaris,Plant,herbivory,Damadama(gamo),Herbivore,herbivory,1
Hydrocotylevulgaris,Plant,herbivory,Cervuselaphus,Herbivore,herbivory,1
Vulpiaalopecurus,Plant,herbivory,Damadama(gamo),Herbivore,herbivory,1
Vulpiaalopecurus,Plant,herbivory,Cervuselaphus,Herbivore,herbivory,1
Scirpussetaceus,Plant,herbivory,Damadama(gamo),Herbivore,herbivory,1
Scirpussetaceus,Plant,herbivory,Cervuselaphus,Herbivore,herbivory,1
Chamaemelummixtum,Plant,herbivory,Damadama(gamo),Herbivore,herbivory,1
Chamaemelummixtum,Plant,herbivory,Cervuselaphus,Herbivore,herbivory,1
Chamaemelummixtum,Plant,herbivory,Testudograeca(Tortugamora),Herbivore,herbivory,1
Juncusheterophyllus,Plant,herbivory,Damadama(gamo),Herbivore,herbivory,1
Juncusheterophyllus,Plant,herbivory,Cervuselaphus,Herbivore,herbivory,1
Hordeummarinum,Plant,herbivory,Damadama(gamo),Herbivore,herbivory,1
Hordeummarinum,Plant,herbivory,Cervuselaphus,Herbivore,herbivory,1
Hordeummarinum,Plant,herbivory,Lepuscapensis(Liebre),Herbivore,herbivory,1
Ulexaustralis,Plant,herbivory,Damadama(gamo),Herbivore,herbivory,1
Anthoxanthumovatum,Plant,herbivory,Damadama(gamo),Herbivore,herbivory,1
Anthoxanthumovatum,Plant,herbivory,Testudograeca(Tortugamora),Herbivore,herbivory,1
Ericaciliaris,Plant,herbivory,Damadama(gamo),Herbivore,herbivory,1
Ranunculuspeltatussubsp.baudotii,Plant,herbivory,Damadama(gamo),Herbivore,herbivory,1
Trifoliumrepens,Plant,herbivory,Damadama(gamo),Herbivore,herbivory,1
Carexdistans,Plant,herbivory,Damadama(gamo),Herbivore,herbivory,1
Bromusdiandrus,Plant,herbivory,Damadama(gamo),Herbivore,herbivory,1
Eleocharispalustris,Plant,herbivory,Damadama(gamo),Herbivore,herbivory,1
Seneciojacobaea,Plant,herbivory,Damadama(gamo),Herbivore,herbivory,1
Poaannua,Plant,herbivory,Damadama(gamo),Herbivore,herbivory,1
Potamogetonpolygonifolius,Plant,herbivory,Damadama(gamo),Herbivore,herbivory,1
Leontodontaraxacoides,Plant,herbivory,Damadama(gamo),Herbivore,herbivory,1
Leontodontaraxacoides,Plant,herbivory,Oryctolaguscuniculus(Conejo),Herbivore,herbivory,1
Leontodontaraxacoides,Plant,herbivory,Testudograeca(Tortugamora),Herbivore,herbivory,1
Leontodontaraxacoides,Plant,herbivory,GALLINULACHLOROPUS(POLLADEAGUA),Herbivore,herbivory,1
Lagurusovatus,Plant,herbivory,Damadama(gamo),Herbivore,herbivory,1
Avenalongiglumis,Plant,herbivory,Damadama(gamo),Herbivore,herbivory,1
Glyceriadeclinata,Plant,herbivory,Damadama(gamo),Herbivore,herbivory,1
Salixalba,Plant,herbivory,Damadama(gamo),Herbivore,herbivory,1
Crataegusmonogyna,Plant,herbivory,Damadama(gamo),Herbivore,herbivory,1
Hypericumelodes,Plant,herbivory,Damadama(gamo),Herbivore,herbivory,1
Callitricheplatycarpa,Plant,herbivory,Damadama(gamo),Herbivore,herbivory,1
Carduuspycnocephalus,Plant,herbivory,Damadama(gamo),Herbivore,herbivory,1
Lathyrusannuus,Plant,herbivory,Damadama(gamo),Herbivore,herbivory,1
Lepiotasp.,Plant,herbivory,Damadama(gamo),Herbivore,herbivory,1
Lepiotasp.,Plant,herbivory,Cervuselaphus,Herbivore,herbivory,1
Juncusstriatus,Plant,herbivory,Damadama(gamo),Herbivore,herbivory,1
Susscrofa(jabali),Herbivore,herbivory,Rubusulmifolius,Plant,herbivory,1
Susscrofa(jabali),Herbivore,herbivory,Scirpusmaritimus,Plant,herbivory,1
Susscrofa(jabali),Herbivore,herbivory,Cynodondactylon,Plant,herbivory,1
Susscrofa(jabali),Herbivore,herbivory,Quercussuber,Plant,herbivory,1
Susscrofa(jabali),Herbivore,herbivory,Pteridiumaquilinum,Plant,herbivory,1
Susscrofa(jabali),Herbivore,herbivory,Agrostisstolonifera,Plant,herbivory,1
Susscrofa(jabali),Herbivore,herbivory,Asphodelusaestivus,Plant,herbivory,1
Susscrofa(jabali),Herbivore,herbivory,Rosmarinusofficinalis,Plant,herbivory,1
Susscrofa(jabali),Herbivore,herbivory,Typhaangustifolia,Plant,herbivory,1
Susscrofa(jabali),Herbivore,herbivory,Juncuseffusus,Plant,herbivory,1
Susscrofa(jabali),Herbivore,herbivory,Plantagocoronopus,Plant,herbivory,1
Susscrofa(jabali),Herbivore,herbivory,Anagallisarvensis,Plant,herbivory,1
Susscrofa(jabali),Herbivore,herbivory,Xolanthaguttata,Plant,herbivory,1
Susscrofa(jabali),Herbivore,herbivory,Halimiumhalimifolium,Plant,herbivory,1
Susscrofa(jabali),Herbivore,herbivory,Juncusmaritimus,Plant,herbivory,1
Susscrofa(jabali),Herbivore,herbivory,Cytinushypocistis,Plant,herbivory,1
Susscrofa(jabali),Herbivore,herbivory,Oleaeuropaeavar.sylvestris,Plant,herbivory,1
Susscrofa(jabali),Herbivore,herbivory,Arbutusunedo,Plant,herbivory,1
Susscrofa(jabali),Herbivore,herbivory,Pinuspinea(introducido),Plant,herbivory,1
Susscrofa(jabali),Herbivore,herbivory,Crocusserotinussubsp.salzmannii,Plant,herbivory,1
Procambarusclarkii,Herbivore,herbivory,Rubusulmifolius,Plant,herbivory,1
Procambarusclarkii,Herbivore,herbivory,Scirpusmaritimus,Plant,herbivory,1
Procambarusclarkii,Herbivore,herbivory,Scirpuslitoralis,Plant,herbivory,1
Procambarusclarkii,Herbivore,herbivory,Ranunculuspeltatus,Plant,herbivory,1
Genettagenetta(Gineta),Herbivore,herbivory,Rubusulmifolius,Plant,herbivory,1
Genettagenetta(Gineta),Herbivore,herbivory,Myrtuscommunis,Plant,herbivory,1
ARDEAPURPUREA(GARZAIMPERIAL),Herbivore,herbivory,Scirpusmaritimus,Plant,herbivory,1
ARDEAPURPUREA(GARZAIMPERIAL),Herbivore,herbivory,Phragmitesaustralis,Plant,herbivory,1
Anseranser(Gansocomun),Herbivore,herbivory,Scirpusmaritimus,Plant,herbivory,1
Anseranser(Gansocomun),Herbivore,herbivory,Scirpuslitoralis,Plant,herbivory,1
Burhinusoedicnemus(Alcaravan),Herbivore,herbivory,Scirpusmaritimus,Plant,herbivory,1
Cyphosomalawsoniae,Herbivore,herbivory,Scirpusmaritimus,Plant,herbivory,1
Oryctolaguscuniculus(Conejo),Herbivore,herbivory,Leontodontaraxacoides,Plant,herbivory,1
Oryctolaguscuniculus(Conejo),Herbivore,herbivory,Loliumsp.,Plant,herbivory,1
Oryctolaguscuniculus(Conejo),Herbivore,herbivory,Vulpiasp.,Plant,herbivory,1
Oryctolaguscuniculus(Conejo),Herbivore,herbivory,Bromussp.,Plant,herbivory,1
Oryctolaguscuniculus(Conejo),Herbivore,herbivory,Holcussp.,Plant,herbivory,1
Oryctolaguscuniculus(Conejo),Herbivore,herbivory,Poaceae,Plant,herbivory,1
Oryctolaguscuniculus(Conejo),Herbivore,herbivory,Seneciosp.,Plant,herbivory,1
Oryctolaguscuniculus(Conejo),Herbivore,herbivory,Anthemiscotula,Plant,herbivory,1
Oryctolaguscuniculus(Conejo),Herbivore,herbivory,Ericasp.,Plant,herbivory,1
Phillyreaangustifolia,Plant,herbivory,Cervuselaphus,Herbivore,herbivory,1
Cytinushypocistis,Plant,herbivory,Cervuselaphus,Herbivore,herbivory,1
Cytinushypocistis,Plant,herbivory,Susscrofa(jabali),Herbivore,herbivory,1
Oleaeuropaeavar.sylvestris,Plant,herbivory,Cervuselaphus,Herbivore,herbivory,1
Oleaeuropaeavar.sylvestris,Plant,herbivory,Susscrofa(jabali),Herbivore,herbivory,1
Arbutusunedo,Plant,herbivory,Cervuselaphus,Herbivore,herbivory,1
Arbutusunedo,Plant,herbivory,Susscrofa(jabali),Herbivore,herbivory,1
Ericascoparia,Plant,herbivory,Cervuselaphus,Herbivore,herbivory,1
Halimiumcalycinum,Plant,herbivory,Cervuselaphus,Herbivore,herbivory,1
Stauracanthusgenistoides,Plant,herbivory,Cervuselaphus,Herbivore,herbivory,1
Stauracanthusgenistoides,Plant,herbivory,Lepuscapensis(Liebre),Herbivore,herbivory,1
Ulexminor,Plant,herbivory,Cervuselaphus,Herbivore,herbivory,1
Callunavulgaris,Plant,herbivory,Cervuselaphus,Herbivore,herbivory,1
Myrtuscommunis,Plant,herbivory,Cervuselaphus,Herbivore,herbivory,1
Myrtuscommunis,Plant,herbivory,Genettagenetta(Gineta),Herbivore,herbivory,1
Thymusmastichina,Plant,herbivory,Cervuselaphus,Herbivore,herbivory,1
Ranunculusbulbosus,Plant,herbivory,Cervuselaphus,Herbivore,herbivory,1
Juniperusoxycedrussubsp.macrocarpa,Plant,herbivory,Cervuselaphus,Herbivore,herbivory,1
Osyrisalba,Plant,herbivory,Cervuselaphus,Herbivore,herbivory,1
Cytisusgrandiflorus,Plant,herbivory,Cervuselaphus,Herbivore,herbivory,1
Genistatriacanthos,Plant,herbivory,Cervuselaphus,Herbivore,herbivory,1
Armeriapungens,Plant,herbivory,Cervuselaphus,Herbivore,herbivory,1
Poatrivialis,Plant,herbivory,Cervuselaphus,Herbivore,herbivory,1
Pinuspinea(introducido),Plant,herbivory,Susscrofa(jabali),Herbivore,herbivory,1
Crocusserotinussubsp.salzmannii,Plant,herbivory,Susscrofa(jabali),Herbivore,herbivory,1
Loliumsp.,Plant,herbivory,Oryctolaguscuniculus(Conejo),Herbivore,herbivory,1
Loliumsp.,Plant,herbivory,Lepuscapensis(Liebre),Herbivore,herbivory,1
Vulpiasp.,Plant,herbivory,Oryctolaguscuniculus(Conejo),Herbivore,herbivory,1
Bromussp.,Plant,herbivory,Oryctolaguscuniculus(Conejo),Herbivore,herbivory,1
Bromussp.,Plant,herbivory,Lepuscapensis(Liebre),Herbivore,herbivory,1
Holcussp.,Plant,herbivory,Oryctolaguscuniculus(Conejo),Herbivore,herbivory,1
Poaceae,Plant,herbivory,Oryctolaguscuniculus(Conejo),Herbivore,herbivory,1
Seneciosp.,Plant,herbivory,Oryctolaguscuniculus(Conejo),Herbivore,herbivory,1
Seneciosp.,Plant,herbivory,Lepuscapensis(Liebre),Herbivore,herbivory,1
Anthemiscotula,Plant,herbivory,Oryctolaguscuniculus(Conejo),Herbivore,herbivory,1
Ericasp.,Plant,herbivory,Oryctolaguscuniculus(Conejo),Herbivore,herbivory,1
Cressacretica,Plant,herbivory,Lepuscapensis(Liebre),Herbivore,herbivory,1
Rumexsp.,Plant,herbivory,Lepuscapensis(Liebre),Herbivore,herbivory,1
Rumexsp.,Plant,herbivory,Testudograeca(Tortugamora),Herbivore,herbivory,1
Artemisiacampestris,Plant,herbivory,Lepuscapensis(Liebre),Herbivore,herbivory,1
Ammophilaarenaria,Plant,herbivory,Lepuscapensis(Liebre),Herbivore,herbivory,1
Frankenialaevis,Plant,herbivory,Lepuscapensis(Liebre),Herbivore,herbivory,1
Coremaalbum,Plant,herbivory,Lepuscapensis(Liebre),Herbivore,herbivory,1
Tolpisbarbata,Plant,herbivory,Lepuscapensis(Liebre),Herbivore,herbivory,1
Eleocharis(multicaulisopalustris),Plant,herbivory,Lepuscapensis(Liebre),Herbivore,herbivory,1
Plantagosp.,Plant,herbivory,Lepuscapensis(Liebre),Herbivore,herbivory,1
Paspalumvaginatum,Plant,herbivory,Lepuscapensis(Liebre),Herbivore,herbivory,1
Malcolmiasp.,Plant,herbivory,Lepuscapensis(Liebre),Herbivore,herbivory,1
Anthemismixta,Plant,herbivory,Lepuscapensis(Liebre),Herbivore,herbivory,1
Trifoliumsp.,Plant,herbivory,Lepuscapensis(Liebre),Herbivore,herbivory,1
Trifoliumsp.,Plant,herbivory,Testudograeca(Tortugamora),Herbivore,herbivory,1
Polypogonmaritimus,Plant,herbivory,Lepuscapensis(Liebre),Herbivore,herbivory,1
Phragmitesaustralis,Plant,herbivory,Lepuscapensis(Liebre),Herbivore,herbivory,1
Phragmitesaustralis,Plant,herbivory,ARDEAPURPUREA(GARZAIMPERIAL),Herbivore,herbivory,1
Scirpuslitoralis,Plant,herbivory,Procambarusclarkii,Herbivore,herbivory,1
Scirpuslitoralis,Plant,herbivory,Anseranser(Gansocomun),Herbivore,herbivory,1
Ranunculuspeltatus,Plant,herbivory,Procambarusclarkii,Herbivore,herbivory,1
Evaxpygmaea,Plant,herbivory,Testudograeca(Tortugamora),Herbivore,herbivory,1
Hypochaerisglabra,Plant,herbivory,Testudograeca(Tortugamora),Herbivore,herbivory,1
Leontodonmaroccanus,Plant,herbivory,Testudograeca(Tortugamora),Herbivore,herbivory,1
Lotussubbiflorus,Plant,herbivory,Testudograeca(Tortugamora),Herbivore,herbivory,1
Ononissp.,Plant,herbivory,Testudograeca(Tortugamora),Herbivore,herbivory,1
Ornithopussp.,Plant,herbivory,Testudograeca(Tortugamora),Herbivore,herbivory,1
Chaetopogonfasciculatus,Plant,herbivory,Testudograeca(Tortugamora),Herbivore,herbivory,1
Loeflingiabaetica,Plant,herbivory,Testudograeca(Tortugamora),Herbivore,herbivory,1
Saginaapetala,Plant,herbivory,Testudograeca(Tortugamora),Herbivore,herbivory,1
Malcolmialacera,Plant,herbivory,Testudograeca(Tortugamora),Herbivore,herbivory,1
Teesdaliacoronopifolia,Plant,herbivory,Testudograeca(Tortugamora),Herbivore,herbivory,1
Scillaperuviana,Plant,herbivory,Testudograeca(Tortugamora),Herbivore,herbivory,1
Urgineamaritima,Plant,herbivory,Testudograeca(Tortugamora),Herbivore,herbivory,1
Ranunculussp.,Plant,herbivory,Testudograeca(Tortugamora),Herbivore,herbivory,1
Lemnaminor,Plant,herbivory,Testudograeca(Tortugamora),Herbivore,herbivory,1
Armeriagaditana,Plant,herbivory,Testudograeca(Tortugamora),Herbivore,herbivory,1
Lavandulastoechas,Plant,herbivory,Testudograeca(Tortugamora),Herbivore,herbivory,1
Linariasp.,Plant,herbivory,Testudograeca(Tortugamora),Herbivore,herbivory,1
Pseudoscabiosadiandra,Plant,herbivory,Testudograeca(Tortugamora),Herbivore,herbivory,1
Serapiaslingua,Plant,herbivory,Testudograeca(Tortugamora),Herbivore,herbivory,1
Echiumsp.,Plant,herbivory,Testudograeca(Tortugamora),Herbivore,herbivory,1
Myriophyllumverticillatum,Plant,herbivory,GALLINULACHLOROPUS(POLLADEAGUA),Herbivore,herbivory,1
Ceratophyllumdemersum,Plant,herbivory,GALLINULACHLOROPUS(POLLADEAGUA),Herbivore,herbivory,1
Carexsp.,Plant,herbivory,GALLINULACHLOROPUS(POLLADEAGUA),Herbivore,herbivory,1
Scirpuslacustrissubsp.lacustris,Plant,herbivory,GALLINULACHLOROPUS(POLLADEAGUA),Herbivore,herbivory,1
Paspalumsp.,Plant,herbivory,GALLINULACHLOROPUS(POLLADEAGUA),Herbivore,herbivory,1
Glyceriasp.,Plant,herbivory,GALLINULACHLOROPUS(POLLADEAGUA),Herbivore,herbivory,1
